file,line,type,commit,author,date,time,timezone,datetime,depth,length
styles.css,1,css,50f78425,Dhruv Sehgal,2025-10-10,23:54:11,-07:00,2025-10-10T23:54:11-07:00,0,4
styles.css,2,css,50f78425,Dhruv Sehgal,2025-10-10,23:54:11,-07:00,2025-10-10T23:54:11-07:00,1,31
styles.css,3,css,50f78425,Dhruv Sehgal,2025-10-10,23:54:11,-07:00,2025-10-10T23:54:11-07:00,1,32
styles.css,4,css,4acc3e9d,Dhruv Sehgal,2025-10-17,20:55:02,-07:00,2025-10-17T20:55:02-07:00,1,23
styles.css,5,css,4acc3e9d,Dhruv Sehgal,2025-10-17,20:55:02,-07:00,2025-10-17T20:55:02-07:00,0,0
styles.css,6,css,4acc3e9d,Dhruv Sehgal,2025-10-17,20:55:02,-07:00,2025-10-17T20:55:02-07:00,0,0
styles.css,7,css,4acc3e9d,Dhruv Sehgal,2025-10-17,20:55:02,-07:00,2025-10-17T20:55:02-07:00,0,18
styles.css,8,css,4acc3e9d,Dhruv Sehgal,2025-10-17,20:55:02,-07:00,2025-10-17T20:55:02-07:00,1,17
styles.css,9,css,4acc3e9d,Dhruv Sehgal,2025-10-17,20:55:02,-07:00,2025-10-17T20:55:02-07:00,1,8
styles.css,10,css,4acc3e9d,Dhruv Sehgal,2025-10-17,20:55:02,-07:00,2025-10-17T20:55:02-07:00,1,10
styles.css,11,css,50f78425,Dhruv Sehgal,2025-10-10,23:54:11,-07:00,2025-10-10T23:54:11-07:00,0,0
styles.css,12,css,50f78425,Dhruv Sehgal,2025-10-10,23:54:11,-07:00,2025-10-10T23:54:11-07:00,0,0
styles.css,13,css,8b5c2d51,Dhruv Sehgal,2025-10-03,20:05:08,-07:00,2025-10-03T20:05:08-07:00,0,4
styles.css,14,css,8b5c2d51,Dhruv Sehgal,2025-10-03,20:05:08,-07:00,2025-10-03T20:05:08-07:00,2,43
styles.css,15,css,8b5c2d51,Dhruv Sehgal,2025-10-03,20:05:08,-07:00,2025-10-03T20:05:08-07:00,4,42
styles.css,16,css,8b5c2d51,Dhruv Sehgal,2025-10-03,20:05:08,-07:00,2025-10-03T20:05:08-07:00,3,0
styles.css,17,css,8b5c2d51,Dhruv Sehgal,2025-10-03,20:05:08,-07:00,2025-10-03T20:05:08-07:00,2,23
styles.css,18,css,ff673a3c,dhrutube,2025-10-31,23:53:37,-07:00,2025-10-31T23:53:37-07:00,2,14
styles.css,19,css,50f78425,Dhruv Sehgal,2025-10-10,23:54:11,-07:00,2025-10-10T23:54:11-07:00,2,18
styles.css,20,css,50f78425,Dhruv Sehgal,2025-10-10,23:54:11,-07:00,2025-10-10T23:54:11-07:00,2,18
styles.css,21,css,50f78425,Dhruv Sehgal,2025-10-10,23:54:11,-07:00,2025-10-10T23:54:11-07:00,1,0
styles.css,22,css,50f78425,Dhruv Sehgal,2025-10-10,23:54:11,-07:00,2025-10-10T23:54:11-07:00,0,0
styles.css,23,css,50f78425,Dhruv Sehgal,2025-10-10,23:54:11,-07:00,2025-10-10T23:54:11-07:00,0,3
styles.css,24,css,50f78425,Dhruv Sehgal,2025-10-10,23:54:11,-07:00,2025-10-10T23:54:11-07:00,1,12
styles.css,25,css,50f78425,Dhruv Sehgal,2025-10-10,23:54:11,-07:00,2025-10-10T23:54:11-07:00,1,17
styles.css,26,css,50f78425,Dhruv Sehgal,2025-10-10,23:54:11,-07:00,2025-10-10T23:54:11-07:00,1,23
styles.css,27,css,50f78425,Dhruv Sehgal,2025-10-10,23:54:11,-07:00,2025-10-10T23:54:11-07:00,1,25
styles.css,28,css,4acc3e9d,Dhruv Sehgal,2025-10-17,20:55:02,-07:00,2025-10-17T20:55:02-07:00,1,43
styles.css,29,css,4acc3e9d,Dhruv Sehgal,2025-10-17,20:55:02,-07:00,2025-10-17T20:55:02-07:00,1,39
styles.css,30,css,4acc3e9d,Dhruv Sehgal,2025-10-17,20:55:02,-07:00,2025-10-17T20:55:02-07:00,1,39
styles.css,31,css,50f78425,Dhruv Sehgal,2025-10-10,23:54:11,-07:00,2025-10-10T23:54:11-07:00,0,0
styles.css,32,css,50f78425,Dhruv Sehgal,2025-10-10,23:54:11,-07:00,2025-10-10T23:54:11-07:00,0,0
styles.css,33,css,50f78425,Dhruv Sehgal,2025-10-10,23:54:11,-07:00,2025-10-10T23:54:11-07:00,0,5
styles.css,34,css,50f78425,Dhruv Sehgal,2025-10-10,23:54:11,-07:00,2025-10-10T23:54:11-07:00,1,6
styles.css,35,css,50f78425,Dhruv Sehgal,2025-10-10,23:54:11,-07:00,2025-10-10T23:54:11-07:00,1,20
styles.css,36,css,50f78425,Dhruv Sehgal,2025-10-10,23:54:11,-07:00,2025-10-10T23:54:11-07:00,1,13
styles.css,37,css,50f78425,Dhruv Sehgal,2025-10-10,23:54:11,-07:00,2025-10-10T23:54:11-07:00,1,17
styles.css,38,css,50f78425,Dhruv Sehgal,2025-10-10,23:54:11,-07:00,2025-10-10T23:54:11-07:00,1,13
styles.css,39,css,50f78425,Dhruv Sehgal,2025-10-10,23:54:11,-07:00,2025-10-10T23:54:11-07:00,1,20
styles.css,40,css,50f78425,Dhruv Sehgal,2025-10-10,23:54:11,-07:00,2025-10-10T23:54:11-07:00,0,0
styles.css,41,css,50f78425,Dhruv Sehgal,2025-10-10,23:54:11,-07:00,2025-10-10T23:54:11-07:00,0,0
styles.css,42,css,be4127ca,dhrutube,2025-10-25,17:47:14,-07:00,2025-10-25T17:47:14-07:00,0,14
styles.css,43,css,be4127ca,dhrutube,2025-10-25,17:47:14,-07:00,2025-10-25T17:47:14-07:00,1,12
styles.css,44,css,be4127ca,dhrutube,2025-10-25,17:47:14,-07:00,2025-10-25T17:47:14-07:00,1,36
styles.css,45,css,be4127ca,dhrutube,2025-10-25,17:47:14,-07:00,2025-10-25T17:47:14-07:00,1,7
styles.css,46,css,be4127ca,dhrutube,2025-10-25,17:47:14,-07:00,2025-10-25T17:47:14-07:00,1,17
styles.css,47,css,be4127ca,dhrutube,2025-10-25,17:47:14,-07:00,2025-10-25T17:47:14-07:00,0,0
styles.css,48,css,be4127ca,dhrutube,2025-10-25,17:47:14,-07:00,2025-10-25T17:47:14-07:00,0,0
styles.css,49,css,be4127ca,dhrutube,2025-10-25,17:47:14,-07:00,2025-10-25T17:47:14-07:00,0,2
styles.css,50,css,be4127ca,dhrutube,2025-10-25,17:47:14,-07:00,2025-10-25T17:47:14-07:00,1,12
styles.css,51,css,be4127ca,dhrutube,2025-10-25,17:47:14,-07:00,2025-10-25T17:47:14-07:00,1,36
styles.css,52,css,be4127ca,dhrutube,2025-10-25,17:47:14,-07:00,2025-10-25T17:47:14-07:00,1,7
styles.css,53,css,be4127ca,dhrutube,2025-10-25,17:47:14,-07:00,2025-10-25T17:47:14-07:00,1,13
styles.css,54,css,be4127ca,dhrutube,2025-10-25,17:47:14,-07:00,2025-10-25T17:47:14-07:00,0,0
styles.css,55,css,be4127ca,dhrutube,2025-10-25,17:47:14,-07:00,2025-10-25T17:47:14-07:00,0,0
styles.css,56,css,be4127ca,dhrutube,2025-10-25,17:47:14,-07:00,2025-10-25T17:47:14-07:00,0,2
styles.css,57,css,be4127ca,dhrutube,2025-10-25,17:47:14,-07:00,2025-10-25T17:47:14-07:00,1,10
styles.css,58,css,be4127ca,dhrutube,2025-10-25,17:47:14,-07:00,2025-10-25T17:47:14-07:00,0,0
styles.css,59,css,be4127ca,dhrutube,2025-10-25,17:47:14,-07:00,2025-10-25T17:47:14-07:00,0,0
styles.css,60,css,be4127ca,dhrutube,2025-10-25,17:47:14,-07:00,2025-10-25T17:47:14-07:00,0,2
styles.css,61,css,be4127ca,dhrutube,2025-10-25,17:47:14,-07:00,2025-10-25T17:47:14-07:00,1,10
styles.css,62,css,be4127ca,dhrutube,2025-10-25,17:47:14,-07:00,2025-10-25T17:47:14-07:00,0,0
styles.css,63,css,be4127ca,dhrutube,2025-10-25,17:47:14,-07:00,2025-10-25T17:47:14-07:00,0,0
styles.css,64,css,50f78425,Dhruv Sehgal,2025-10-10,23:54:11,-07:00,2025-10-10T23:54:11-07:00,0,9
styles.css,65,css,50f78425,Dhruv Sehgal,2025-10-10,23:54:11,-07:00,2025-10-10T23:54:11-07:00,1,6
styles.css,66,css,50f78425,Dhruv Sehgal,2025-10-10,23:54:11,-07:00,2025-10-10T23:54:11-07:00,1,20
styles.css,67,css,50f78425,Dhruv Sehgal,2025-10-10,23:54:11,-07:00,2025-10-10T23:54:11-07:00,1,13
styles.css,68,css,50f78425,Dhruv Sehgal,2025-10-10,23:54:11,-07:00,2025-10-10T23:54:11-07:00,1,17
styles.css,69,css,50f78425,Dhruv Sehgal,2025-10-10,23:54:11,-07:00,2025-10-10T23:54:11-07:00,1,13
styles.css,70,css,50f78425,Dhruv Sehgal,2025-10-10,23:54:11,-07:00,2025-10-10T23:54:11-07:00,1,20
styles.css,71,css,50f78425,Dhruv Sehgal,2025-10-10,23:54:11,-07:00,2025-10-10T23:54:11-07:00,0,0
styles.css,72,css,50f78425,Dhruv Sehgal,2025-10-10,23:54:11,-07:00,2025-10-10T23:54:11-07:00,0,0
styles.css,73,css,50f78425,Dhruv Sehgal,2025-10-10,23:54:11,-07:00,2025-10-10T23:54:11-07:00,0,13
styles.css,74,css,50f78425,Dhruv Sehgal,2025-10-10,23:54:11,-07:00,2025-10-10T23:54:11-07:00,1,25
styles.css,75,css,50f78425,Dhruv Sehgal,2025-10-10,23:54:11,-07:00,2025-10-10T23:54:11-07:00,1,25
styles.css,76,css,50f78425,Dhruv Sehgal,2025-10-10,23:54:11,-07:00,2025-10-10T23:54:11-07:00,1,20
styles.css,77,css,4acc3e9d,Dhruv Sehgal,2025-10-17,20:55:02,-07:00,2025-10-17T20:55:02-07:00,1,43
styles.css,78,css,4acc3e9d,Dhruv Sehgal,2025-10-17,20:55:02,-07:00,2025-10-17T20:55:02-07:00,1,39
styles.css,79,css,50f78425,Dhruv Sehgal,2025-10-10,23:54:11,-07:00,2025-10-10T23:54:11-07:00,0,0
styles.css,80,css,50f78425,Dhruv Sehgal,2025-10-10,23:54:11,-07:00,2025-10-10T23:54:11-07:00,0,0
styles.css,81,css,50f78425,Dhruv Sehgal,2025-10-10,23:54:11,-07:00,2025-10-10T23:54:11-07:00,0,11
styles.css,82,css,50f78425,Dhruv Sehgal,2025-10-10,23:54:11,-07:00,2025-10-10T23:54:11-07:00,1,45
styles.css,83,css,4acc3e9d,Dhruv Sehgal,2025-10-17,20:55:02,-07:00,2025-10-17T20:55:02-07:00,1,63
styles.css,84,css,4acc3e9d,Dhruv Sehgal,2025-10-17,20:55:02,-07:00,2025-10-17T20:55:02-07:00,1,69
styles.css,85,css,50f78425,Dhruv Sehgal,2025-10-10,23:54:11,-07:00,2025-10-10T23:54:11-07:00,1,20
styles.css,86,css,50f78425,Dhruv Sehgal,2025-10-10,23:54:11,-07:00,2025-10-10T23:54:11-07:00,0,0
styles.css,87,css,50f78425,Dhruv Sehgal,2025-10-10,23:54:11,-07:00,2025-10-10T23:54:11-07:00,0,0
styles.css,88,css,50f78425,Dhruv Sehgal,2025-10-10,23:54:11,-07:00,2025-10-10T23:54:11-07:00,0,0
styles.css,89,css,4acc3e9d,Dhruv Sehgal,2025-10-17,20:55:02,-07:00,2025-10-17T20:55:02-07:00,0,38
styles.css,90,css,50f78425,Dhruv Sehgal,2025-10-10,23:54:11,-07:00,2025-10-10T23:54:11-07:00,1,12
styles.css,91,css,50f78425,Dhruv Sehgal,2025-10-10,23:54:11,-07:00,2025-10-10T23:54:11-07:00,1,12
styles.css,92,css,50f78425,Dhruv Sehgal,2025-10-10,23:54:11,-07:00,2025-10-10T23:54:11-07:00,1,29
styles.css,93,css,50f78425,Dhruv Sehgal,2025-10-10,23:54:11,-07:00,2025-10-10T23:54:11-07:00,1,18
styles.css,94,css,50f78425,Dhruv Sehgal,2025-10-10,23:54:11,-07:00,2025-10-10T23:54:11-07:00,1,7
styles.css,95,css,50f78425,Dhruv Sehgal,2025-10-10,23:54:11,-07:00,2025-10-10T23:54:11-07:00,0,0
styles.css,96,css,50f78425,Dhruv Sehgal,2025-10-10,23:54:11,-07:00,2025-10-10T23:54:11-07:00,0,0
styles.css,97,css,4acc3e9d,Dhruv Sehgal,2025-10-17,20:55:02,-07:00,2025-10-17T20:55:02-07:00,0,6
styles.css,98,css,4acc3e9d,Dhruv Sehgal,2025-10-17,20:55:02,-07:00,2025-10-17T20:55:02-07:00,1,13
styles.css,99,css,4acc3e9d,Dhruv Sehgal,2025-10-17,20:55:02,-07:00,2025-10-17T20:55:02-07:00,0,0
styles.css,100,css,4acc3e9d,Dhruv Sehgal,2025-10-17,20:55:02,-07:00,2025-10-17T20:55:02-07:00,0,0
styles.css,101,css,50f78425,Dhruv Sehgal,2025-10-10,23:54:11,-07:00,2025-10-10T23:54:11-07:00,0,9
styles.css,102,css,50f78425,Dhruv Sehgal,2025-10-10,23:54:11,-07:00,2025-10-10T23:54:11-07:00,1,12
styles.css,103,css,50f78425,Dhruv Sehgal,2025-10-10,23:54:11,-07:00,2025-10-10T23:54:11-07:00,1,58
styles.css,104,css,50f78425,Dhruv Sehgal,2025-10-10,23:54:11,-07:00,2025-10-10T23:54:11-07:00,0,0
styles.css,105,css,50f78425,Dhruv Sehgal,2025-10-10,23:54:11,-07:00,2025-10-10T23:54:11-07:00,0,0
styles.css,106,css,50f78425,Dhruv Sehgal,2025-10-10,23:54:11,-07:00,2025-10-10T23:54:11-07:00,0,7
styles.css,107,css,50f78425,Dhruv Sehgal,2025-10-10,23:54:11,-07:00,2025-10-10T23:54:11-07:00,1,26
styles.css,108,css,50f78425,Dhruv Sehgal,2025-10-10,23:54:11,-07:00,2025-10-10T23:54:11-07:00,1,15
styles.css,109,css,50f78425,Dhruv Sehgal,2025-10-10,23:54:11,-07:00,2025-10-10T23:54:11-07:00,1,7
styles.css,110,css,50f78425,Dhruv Sehgal,2025-10-10,23:54:11,-07:00,2025-10-10T23:54:11-07:00,0,0
styles.css,111,css,50f78425,Dhruv Sehgal,2025-10-10,23:54:11,-07:00,2025-10-10T23:54:11-07:00,0,0
styles.css,112,css,50f78425,Dhruv Sehgal,2025-10-10,23:54:11,-07:00,2025-10-10T23:54:11-07:00,0,2
styles.css,113,css,50f78425,Dhruv Sehgal,2025-10-10,23:54:11,-07:00,2025-10-10T23:54:11-07:00,1,13
styles.css,114,css,50f78425,Dhruv Sehgal,2025-10-10,23:54:11,-07:00,2025-10-10T23:54:11-07:00,0,0
styles.css,115,css,50f78425,Dhruv Sehgal,2025-10-10,23:54:11,-07:00,2025-10-10T23:54:11-07:00,0,0
styles.css,116,css,50f78425,Dhruv Sehgal,2025-10-10,23:54:11,-07:00,2025-10-10T23:54:11-07:00,0,2
styles.css,117,css,50f78425,Dhruv Sehgal,2025-10-10,23:54:11,-07:00,2025-10-10T23:54:11-07:00,1,8
styles.css,118,css,50f78425,Dhruv Sehgal,2025-10-10,23:54:11,-07:00,2025-10-10T23:54:11-07:00,0,0
styles.css,119,css,50f78425,Dhruv Sehgal,2025-10-10,23:54:11,-07:00,2025-10-10T23:54:11-07:00,0,0
styles.css,120,css,50f78425,Dhruv Sehgal,2025-10-10,23:54:11,-07:00,2025-10-10T23:54:11-07:00,0,22
styles.css,121,css,50f78425,Dhruv Sehgal,2025-10-10,23:54:11,-07:00,2025-10-10T23:54:11-07:00,1,15
styles.css,122,css,50f78425,Dhruv Sehgal,2025-10-10,23:54:11,-07:00,2025-10-10T23:54:11-07:00,1,17
styles.css,123,css,ff673a3c,dhrutube,2025-10-31,23:53:37,-07:00,2025-10-31T23:53:37-07:00,0,0
styles.css,124,css,ff673a3c,dhrutube,2025-10-31,23:53:37,-07:00,2025-10-31T23:53:37-07:00,0,0
styles.css,125,css,ff673a3c,dhrutube,2025-10-31,23:53:37,-07:00,2025-10-31T23:53:37-07:00,0,10
styles.css,126,css,ff673a3c,dhrutube,2025-10-31,23:53:37,-07:00,2025-10-31T23:53:37-07:00,1,12
styles.css,127,css,ff673a3c,dhrutube,2025-10-31,23:53:37,-07:00,2025-10-31T23:53:37-07:00,1,18
styles.css,128,css,ff673a3c,dhrutube,2025-10-31,23:53:37,-07:00,2025-10-31T23:53:37-07:00,1,7
styles.css,129,css,ff673a3c,dhrutube,2025-10-31,23:53:37,-07:00,2025-10-31T23:53:37-07:00,0,0
styles.css,130,css,ff673a3c,dhrutube,2025-10-31,23:53:37,-07:00,2025-10-31T23:53:37-07:00,0,0
styles.css,131,css,ff673a3c,dhrutube,2025-10-31,23:53:37,-07:00,2025-10-31T23:53:37-07:00,0,18
styles.css,132,css,ff673a3c,dhrutube,2025-10-31,23:53:37,-07:00,2025-10-31T23:53:37-07:00,1,14
styles.css,133,css,ff673a3c,dhrutube,2025-10-31,23:53:37,-07:00,2025-10-31T23:53:37-07:00,1,16
styles.css,134,css,ff673a3c,dhrutube,2025-10-31,23:53:37,-07:00,2025-10-31T23:53:37-07:00,1,16
styles.css,135,css,ff673a3c,dhrutube,2025-10-31,23:53:37,-07:00,2025-10-31T23:53:37-07:00,0,0
styles.css,136,css,ff673a3c,dhrutube,2025-10-31,23:53:37,-07:00,2025-10-31T23:53:37-07:00,0,0
styles.css,137,css,ff673a3c,dhrutube,2025-10-31,23:53:37,-07:00,2025-10-31T23:53:37-07:00,0,7
styles.css,138,css,ff673a3c,dhrutube,2025-10-31,23:53:37,-07:00,2025-10-31T23:53:37-07:00,1,12
styles.css,139,css,ff673a3c,dhrutube,2025-10-31,23:53:37,-07:00,2025-10-31T23:53:37-07:00,1,57
styles.css,140,css,ff673a3c,dhrutube,2025-10-31,23:53:37,-07:00,2025-10-31T23:53:37-07:00,1,6
styles.css,141,css,ff673a3c,dhrutube,2025-10-31,23:53:37,-07:00,2025-10-31T23:53:37-07:00,1,7
styles.css,142,css,ff673a3c,dhrutube,2025-10-31,23:53:37,-07:00,2025-10-31T23:53:37-07:00,1,22
styles.css,143,css,ff673a3c,dhrutube,2025-10-31,23:53:37,-07:00,2025-10-31T23:53:37-07:00,1,11
styles.css,144,css,ff673a3c,dhrutube,2025-10-31,23:53:37,-07:00,2025-10-31T23:53:37-07:00,1,10
styles.css,145,css,ff673a3c,dhrutube,2025-10-31,23:53:37,-07:00,2025-10-31T23:53:37-07:00,0,0
styles.css,146,css,ff673a3c,dhrutube,2025-10-31,23:53:37,-07:00,2025-10-31T23:53:37-07:00,0,12
styles.css,147,css,ff673a3c,dhrutube,2025-10-31,23:53:37,-07:00,2025-10-31T23:53:37-07:00,1,12
styles.css,148,css,ff673a3c,dhrutube,2025-10-31,23:53:37,-07:00,2025-10-31T23:53:37-07:00,1,18
styles.css,149,css,ff673a3c,dhrutube,2025-10-31,23:53:37,-07:00,2025-10-31T23:53:37-07:00,1,9
styles.css,150,css,ff673a3c,dhrutube,2025-10-31,23:53:37,-07:00,2025-10-31T23:53:37-07:00,0,0
styles.css,151,css,ff673a3c,dhrutube,2025-10-31,23:53:37,-07:00,2025-10-31T23:53:37-07:00,0,0
styles.css,152,css,ff673a3c,dhrutube,2025-10-31,23:53:37,-07:00,2025-10-31T23:53:37-07:00,0,7
styles.css,153,css,ff673a3c,dhrutube,2025-10-31,23:53:37,-07:00,2025-10-31T23:53:37-07:00,1,20
styles.css,154,css,ff673a3c,dhrutube,2025-10-31,23:53:37,-07:00,2025-10-31T23:53:37-07:00,1,9
styles.css,155,css,ff673a3c,dhrutube,2025-10-31,23:53:37,-07:00,2025-10-31T23:53:37-07:00,1,14
styles.css,156,css,ff673a3c,dhrutube,2025-10-31,23:53:37,-07:00,2025-10-31T23:53:37-07:00,1,17
styles.css,157,css,ff673a3c,dhrutube,2025-10-31,23:53:37,-07:00,2025-10-31T23:53:37-07:00,1,18
styles.css,158,css,ff673a3c,dhrutube,2025-10-31,23:53:37,-07:00,2025-10-31T23:53:37-07:00,0,0
styles.css,159,css,ff673a3c,dhrutube,2025-10-31,23:53:37,-07:00,2025-10-31T23:53:37-07:00,0,0
styles.css,160,css,ff673a3c,dhrutube,2025-10-31,23:53:37,-07:00,2025-10-31T23:53:37-07:00,0,15
styles.css,161,css,ff673a3c,dhrutube,2025-10-31,23:53:37,-07:00,2025-10-31T23:53:37-07:00,1,9
styles.css,162,css,ff673a3c,dhrutube,2025-10-31,23:53:37,-07:00,2025-10-31T23:53:37-07:00,1,11
styles.css,163,css,ff673a3c,dhrutube,2025-10-31,23:53:37,-07:00,2025-10-31T23:53:37-07:00,1,10
styles.css,164,css,ff673a3c,dhrutube,2025-10-31,23:53:37,-07:00,2025-10-31T23:53:37-07:00,1,13
styles.css,165,css,ff673a3c,dhrutube,2025-10-31,23:53:37,-07:00,2025-10-31T23:53:37-07:00,1,15
styles.css,166,css,ff673a3c,dhrutube,2025-10-31,23:53:37,-07:00,2025-10-31T23:53:37-07:00,0,0
styles.css,167,css,ff673a3c,dhrutube,2025-10-31,23:53:37,-07:00,2025-10-31T23:53:37-07:00,0,0
styles.css,168,css,ff673a3c,dhrutube,2025-10-31,23:53:37,-07:00,2025-10-31T23:53:37-07:00,0,83
styles.css,169,css,ff673a3c,dhrutube,2025-10-31,23:53:37,-07:00,2025-10-31T23:53:37-07:00,0,17
styles.css,170,css,ff673a3c,dhrutube,2025-10-31,23:53:37,-07:00,2025-10-31T23:53:37-07:00,1,16
styles.css,171,css,ff673a3c,dhrutube,2025-10-31,23:53:37,-07:00,2025-10-31T23:53:37-07:00,2,11
styles.css,172,css,ff673a3c,dhrutube,2025-10-31,23:53:37,-07:00,2025-10-31T23:53:37-07:00,1,0
styles.css,173,css,ff673a3c,dhrutube,2025-10-31,23:53:37,-07:00,2025-10-31T23:53:37-07:00,0,0
styles.css,174,css,ff673a3c,dhrutube,2025-10-31,23:53:37,-07:00,2025-10-31T23:53:37-07:00,0,0
styles.css,175,css,ff673a3c,dhrutube,2025-10-31,23:53:37,-07:00,2025-10-31T23:53:37-07:00,0,4
styles.css,176,css,ff673a3c,dhrutube,2025-10-31,23:53:37,-07:00,2025-10-31T23:53:37-07:00,1,16
styles.css,177,css,ff673a3c,dhrutube,2025-10-31,23:53:37,-07:00,2025-10-31T23:53:37-07:00,1,14
styles.css,178,css,ff673a3c,dhrutube,2025-10-31,23:53:37,-07:00,2025-10-31T23:53:37-07:00,0,0
styles.css,179,css,ff673a3c,dhrutube,2025-10-31,23:53:37,-07:00,2025-10-31T23:53:37-07:00,0,0
styles.css,180,css,ff673a3c,dhrutube,2025-10-31,23:53:37,-07:00,2025-10-31T23:53:37-07:00,0,9
styles.css,181,css,ff673a3c,dhrutube,2025-10-31,23:53:37,-07:00,2025-10-31T23:53:37-07:00,1,35
styles.css,182,css,ff673a3c,dhrutube,2025-10-31,23:53:37,-07:00,2025-10-31T23:53:37-07:00,0,0
styles.css,183,css,ff673a3c,dhrutube,2025-10-31,23:53:37,-07:00,2025-10-31T23:53:37-07:00,1,10
styles.css,184,css,ff673a3c,dhrutube,2025-10-31,23:53:37,-07:00,2025-10-31T23:53:37-07:00,2,17
styles.css,185,css,ff673a3c,dhrutube,2025-10-31,23:53:37,-07:00,2025-10-31T23:53:37-07:00,1,0
styles.css,186,css,d1daa90c,dhrutube,2025-11-07,16:42:42,-08:00,2025-11-07T16:42:42-08:00,0,0
styles.css,187,css,d1daa90c,dhrutube,2025-11-07,16:42:42,-08:00,2025-11-07T16:42:42-08:00,0,0
styles.css,188,css,d1daa90c,dhrutube,2025-11-07,16:42:42,-08:00,2025-11-07T16:42:42-08:00,0,29
styles.css,189,css,d1daa90c,dhrutube,2025-11-07,16:42:42,-08:00,2025-11-07T16:42:42-08:00,1,44
styles.css,190,css,17bcba7d,dhrutube,2025-11-08,22:52:38,-08:00,2025-11-08T22:52:38-08:00,0,0
styles.css,191,css,17bcba7d,dhrutube,2025-11-08,22:52:38,-08:00,2025-11-08T22:52:38-08:00,0,0
styles.css,192,css,17bcba7d,dhrutube,2025-11-08,22:52:38,-08:00,2025-11-08T22:52:38-08:00,0,14
styles.css,193,css,17bcba7d,dhrutube,2025-11-08,22:52:38,-08:00,2025-11-08T22:52:38-08:00,0,15
styles.css,194,css,17bcba7d,dhrutube,2025-11-08,22:52:38,-08:00,2025-11-08T22:52:38-08:00,1,19
styles.css,195,css,17bcba7d,dhrutube,2025-11-08,22:52:38,-08:00,2025-11-08T22:52:38-08:00,1,16
styles.css,196,css,17bcba7d,dhrutube,2025-11-08,22:52:38,-08:00,2025-11-08T22:52:38-08:00,1,12
styles.css,197,css,17bcba7d,dhrutube,2025-11-08,22:52:38,-08:00,2025-11-08T22:52:38-08:00,0,0
styles.css,198,css,17bcba7d,dhrutube,2025-11-08,22:52:38,-08:00,2025-11-08T22:52:38-08:00,0,0
styles.css,199,css,17bcba7d,dhrutube,2025-11-08,22:52:38,-08:00,2025-11-08T22:52:38-08:00,0,7
styles.css,200,css,17bcba7d,dhrutube,2025-11-08,22:52:38,-08:00,2025-11-08T22:52:38-08:00,1,12
styles.css,201,css,17bcba7d,dhrutube,2025-11-08,22:52:38,-08:00,2025-11-08T22:52:38-08:00,1,30
styles.css,202,css,17bcba7d,dhrutube,2025-11-08,22:52:38,-08:00,2025-11-08T22:52:38-08:00,1,13
styles.css,203,css,17bcba7d,dhrutube,2025-11-08,22:52:38,-08:00,2025-11-08T22:52:38-08:00,1,25
styles.css,204,css,17bcba7d,dhrutube,2025-11-08,22:52:38,-08:00,2025-11-08T22:52:38-08:00,1,39
styles.css,205,css,17bcba7d,dhrutube,2025-11-08,22:52:38,-08:00,2025-11-08T22:52:38-08:00,0,0
styles.css,206,css,17bcba7d,dhrutube,2025-11-08,22:52:38,-08:00,2025-11-08T22:52:38-08:00,0,0
styles.css,207,css,17bcba7d,dhrutube,2025-11-08,22:52:38,-08:00,2025-11-08T22:52:38-08:00,0,42
styles.css,208,css,17bcba7d,dhrutube,2025-11-08,22:52:38,-08:00,2025-11-08T22:52:38-08:00,1,9
styles.css,209,css,17bcba7d,dhrutube,2025-11-08,22:52:38,-08:00,2025-11-08T22:52:38-08:00,1,17
styles.css,210,css,17bcba7d,dhrutube,2025-11-08,22:52:38,-08:00,2025-11-08T22:52:38-08:00,0,0
styles.css,211,css,17bcba7d,dhrutube,2025-11-08,22:52:38,-08:00,2025-11-08T22:52:38-08:00,0,0
styles.css,212,css,17bcba7d,dhrutube,2025-11-08,22:52:38,-08:00,2025-11-08T22:52:38-08:00,0,10
styles.css,213,css,17bcba7d,dhrutube,2025-11-08,22:52:38,-08:00,2025-11-08T22:52:38-08:00,1,13
styles.css,214,css,17bcba7d,dhrutube,2025-11-08,22:52:38,-08:00,2025-11-08T22:52:38-08:00,1,8
styles.css,215,css,17bcba7d,dhrutube,2025-11-08,22:52:38,-08:00,2025-11-08T22:52:38-08:00,1,11
styles.css,216,css,17bcba7d,dhrutube,2025-11-08,22:52:38,-08:00,2025-11-08T22:52:38-08:00,1,15
styles.css,217,css,17bcba7d,dhrutube,2025-11-08,22:52:38,-08:00,2025-11-08T22:52:38-08:00,0,0
styles.css,218,css,17bcba7d,dhrutube,2025-11-08,22:52:38,-08:00,2025-11-08T22:52:38-08:00,0,0
styles.css,219,css,17bcba7d,dhrutube,2025-11-08,22:52:38,-08:00,2025-11-08T22:52:38-08:00,0,10
styles.css,220,css,17bcba7d,dhrutube,2025-11-08,22:52:38,-08:00,2025-11-08T22:52:38-08:00,1,13
styles.css,221,css,17bcba7d,dhrutube,2025-11-08,22:52:38,-08:00,2025-11-08T22:52:38-08:00,1,8
styles.css,222,css,17bcba7d,dhrutube,2025-11-08,22:52:38,-08:00,2025-11-08T22:52:38-08:00,0,0
styles.css,223,css,17bcba7d,dhrutube,2025-11-08,22:52:38,-08:00,2025-11-08T22:52:38-08:00,0,0
styles.css,224,css,17bcba7d,dhrutube,2025-11-08,22:52:38,-08:00,2025-11-08T22:52:38-08:00,0,8
styles.css,225,css,17bcba7d,dhrutube,2025-11-08,22:52:38,-08:00,2025-11-08T22:52:38-08:00,1,14
styles.css,226,css,17bcba7d,dhrutube,2025-11-08,22:52:38,-08:00,2025-11-08T22:52:38-08:00,1,7
styles.css,227,css,17bcba7d,dhrutube,2025-11-08,22:52:38,-08:00,2025-11-08T22:52:38-08:00,1,8
styles.css,228,css,17bcba7d,dhrutube,2025-11-08,22:52:38,-08:00,2025-11-08T22:52:38-08:00,1,41
styles.css,229,css,8cd7d3e5,dhrutube,2025-11-08,23:19:20,-08:00,2025-11-08T23:19:20-08:00,1,28
styles.css,230,css,8cd7d3e5,dhrutube,2025-11-08,23:19:20,-08:00,2025-11-08T23:19:20-08:00,1,20
styles.css,231,css,17bcba7d,dhrutube,2025-11-08,22:52:38,-08:00,2025-11-08T22:52:38-08:00,1,11
styles.css,232,css,17bcba7d,dhrutube,2025-11-08,22:52:38,-08:00,2025-11-08T22:52:38-08:00,0,0
styles.css,233,css,17bcba7d,dhrutube,2025-11-08,22:52:38,-08:00,2025-11-08T22:52:38-08:00,0,0
styles.css,234,css,17bcba7d,dhrutube,2025-11-08,22:52:38,-08:00,2025-11-08T22:52:38-08:00,0,6
styles.css,235,css,17bcba7d,dhrutube,2025-11-08,22:52:38,-08:00,2025-11-08T22:52:38-08:00,1,16
styles.css,236,css,17bcba7d,dhrutube,2025-11-08,22:52:38,-08:00,2025-11-08T22:52:38-08:00,1,23
styles.css,237,css,17bcba7d,dhrutube,2025-11-08,22:52:38,-08:00,2025-11-08T22:52:38-08:00,1,22
styles.css,238,css,17bcba7d,dhrutube,2025-11-08,22:52:38,-08:00,2025-11-08T22:52:38-08:00,0,0
styles.css,239,css,17bcba7d,dhrutube,2025-11-08,22:52:38,-08:00,2025-11-08T22:52:38-08:00,0,0
styles.css,240,css,17bcba7d,dhrutube,2025-11-08,22:52:38,-08:00,2025-11-08T22:52:38-08:00,0,15
styles.css,241,css,17bcba7d,dhrutube,2025-11-08,22:52:38,-08:00,2025-11-08T22:52:38-08:00,1,12
styles.css,242,css,17bcba7d,dhrutube,2025-11-08,22:52:38,-08:00,2025-11-08T22:52:38-08:00,0,0
styles.css,243,css,17bcba7d,dhrutube,2025-11-08,22:52:38,-08:00,2025-11-08T22:52:38-08:00,0,0
styles.css,244,css,17bcba7d,dhrutube,2025-11-08,22:52:38,-08:00,2025-11-08T22:52:38-08:00,0,12
styles.css,245,css,17bcba7d,dhrutube,2025-11-08,22:52:38,-08:00,2025-11-08T22:52:38-08:00,1,20
styles.css,246,css,17bcba7d,dhrutube,2025-11-08,22:52:38,-08:00,2025-11-08T22:52:38-08:00,0,0
styles.css,247,css,17bcba7d,dhrutube,2025-11-08,22:52:38,-08:00,2025-11-08T22:52:38-08:00,0,0
styles.css,248,css,17bcba7d,dhrutube,2025-11-08,22:52:38,-08:00,2025-11-08T22:52:38-08:00,0,24
styles.css,249,css,17bcba7d,dhrutube,2025-11-08,22:52:38,-08:00,2025-11-08T22:52:38-08:00,1,2
styles.css,250,css,17bcba7d,dhrutube,2025-11-08,22:52:38,-08:00,2025-11-08T22:52:38-08:00,2,32
styles.css,251,css,17bcba7d,dhrutube,2025-11-08,22:52:38,-08:00,2025-11-08T22:52:38-08:00,1,0
styles.css,252,css,17bcba7d,dhrutube,2025-11-08,22:52:38,-08:00,2025-11-08T22:52:38-08:00,0,0
styles.css,253,css,17bcba7d,dhrutube,2025-11-08,22:52:38,-08:00,2025-11-08T22:52:38-08:00,0,0
styles.css,254,css,17bcba7d,dhrutube,2025-11-08,22:52:38,-08:00,2025-11-08T22:52:38-08:00,0,10
styles.css,255,css,17bcba7d,dhrutube,2025-11-08,22:52:38,-08:00,2025-11-08T22:52:38-08:00,1,16
styles.css,256,css,17bcba7d,dhrutube,2025-11-08,22:52:38,-08:00,2025-11-08T22:52:38-08:00,1,12
styles.css,257,css,17bcba7d,dhrutube,2025-11-08,22:52:38,-08:00,2025-11-08T22:52:38-08:00,1,18
styles.css,258,css,17bcba7d,dhrutube,2025-11-08,22:52:38,-08:00,2025-11-08T22:52:38-08:00,1,20
styles.css,259,css,17bcba7d,dhrutube,2025-11-08,22:52:38,-08:00,2025-11-08T22:52:38-08:00,1,42
styles.css,260,css,50f78425,Dhruv Sehgal,2025-10-10,23:54:11,-07:00,2025-10-10T23:54:11-07:00,0,0
index.js,1,js,be4127ca,dhrutube,2025-10-25,17:47:14,-07:00,2025-10-25T17:47:14-07:00,0,71
index.js,2,js,be4127ca,dhrutube,2025-10-25,17:47:14,-07:00,2025-10-25T17:47:14-07:00,0,0
index.js,3,js,be4127ca,dhrutube,2025-10-25,17:47:14,-07:00,2025-10-25T17:47:14-07:00,0,54
index.js,4,js,be4127ca,dhrutube,2025-10-25,17:47:14,-07:00,2025-10-25T17:47:14-07:00,0,42
index.js,5,js,be4127ca,dhrutube,2025-10-25,17:47:14,-07:00,2025-10-25T17:47:14-07:00,0,60
index.js,6,js,be4127ca,dhrutube,2025-10-25,17:47:14,-07:00,2025-10-25T17:47:14-07:00,0,0
index.js,7,js,be4127ca,dhrutube,2025-10-25,17:47:14,-07:00,2025-10-25T17:47:14-07:00,0,54
index.js,8,js,be4127ca,dhrutube,2025-10-25,17:47:14,-07:00,2025-10-25T17:47:14-07:00,0,0
index.js,9,js,be4127ca,dhrutube,2025-10-25,17:47:14,-07:00,2025-10-25T17:47:14-07:00,0,51
index.js,10,js,be4127ca,dhrutube,2025-10-25,17:47:14,-07:00,2025-10-25T17:47:14-07:00,0,60
index.js,11,js,be4127ca,dhrutube,2025-10-25,17:47:14,-07:00,2025-10-25T17:47:14-07:00,0,17
index.js,12,js,be4127ca,dhrutube,2025-10-25,17:47:14,-07:00,2025-10-25T17:47:14-07:00,2,24
index.js,13,js,be4127ca,dhrutube,2025-10-25,17:47:14,-07:00,2025-10-25T17:47:14-07:00,5,2
index.js,14,js,be4127ca,dhrutube,2025-10-25,17:47:14,-07:00,2025-10-25T17:47:14-07:00,6,39
index.js,15,js,be4127ca,dhrutube,2025-10-25,17:47:14,-07:00,2025-10-25T17:47:14-07:00,6,37
index.js,16,js,be4127ca,dhrutube,2025-10-25,17:47:14,-07:00,2025-10-25T17:47:14-07:00,6,55
index.js,17,js,be4127ca,dhrutube,2025-10-25,17:47:14,-07:00,2025-10-25T17:47:14-07:00,6,55
index.js,18,js,be4127ca,dhrutube,2025-10-25,17:47:14,-07:00,2025-10-25T17:47:14-07:00,6,49
index.js,19,js,be4127ca,dhrutube,2025-10-25,17:47:14,-07:00,2025-10-25T17:47:14-07:00,6,49
index.js,20,js,be4127ca,dhrutube,2025-10-25,17:47:14,-07:00,2025-10-25T17:47:14-07:00,5,3
index.js,21,js,be4127ca,dhrutube,2025-10-25,17:47:14,-07:00,2025-10-25T17:47:14-07:00,3,0
index.js,22,js,be4127ca,dhrutube,2025-10-25,17:47:14,-07:00,2025-10-25T17:47:14-07:00,1,0
index.html,1,html,2f97afdc,Dhruv Sehgal,2025-10-03,18:39:44,-07:00,2025-10-03T18:39:44-07:00,0,13
index.html,2,html,2f97afdc,Dhruv Sehgal,2025-10-03,18:39:44,-07:00,2025-10-03T18:39:44-07:00,0,14
index.html,3,html,2f97afdc,Dhruv Sehgal,2025-10-03,18:39:44,-07:00,2025-10-03T18:39:44-07:00,0,4
index.html,4,html,2f97afdc,Dhruv Sehgal,2025-10-03,18:39:44,-07:00,2025-10-03T18:39:44-07:00,2,20
index.html,5,html,2f97afdc,Dhruv Sehgal,2025-10-03,18:39:44,-07:00,2025-10-03T18:39:44-07:00,2,68
index.html,6,html,8b5c2d51,Dhruv Sehgal,2025-10-03,20:05:08,-07:00,2025-10-03T20:05:08-07:00,2,39
index.html,7,html,2f97afdc,Dhruv Sehgal,2025-10-03,18:39:44,-07:00,2025-10-03T18:39:44-07:00,2,54
index.html,8,html,2f97afdc,Dhruv Sehgal,2025-10-03,18:39:44,-07:00,2025-10-03T18:39:44-07:00,0,5
index.html,9,html,2f97afdc,Dhruv Sehgal,2025-10-03,18:39:44,-07:00,2025-10-03T18:39:44-07:00,0,4
index.html,10,html,4acc3e9d,Dhruv Sehgal,2025-10-17,20:55:02,-07:00,2025-10-17T20:55:02-07:00,2,45
index.html,11,html,be4127ca,dhrutube,2025-10-25,17:47:14,-07:00,2025-10-25T17:47:14-07:00,2,50
index.html,12,html,2f97afdc,Dhruv Sehgal,2025-10-03,18:39:44,-07:00,2025-10-03T18:39:44-07:00,2,19
index.html,13,html,2f97afdc,Dhruv Sehgal,2025-10-03,18:39:44,-07:00,2025-10-03T18:39:44-07:00,2,80
index.html,14,html,be4127ca,dhrutube,2025-10-25,17:47:14,-07:00,2025-10-25T17:47:14-07:00,2,28
index.html,15,html,be4127ca,dhrutube,2025-10-25,17:47:14,-07:00,2025-10-25T17:47:14-07:00,2,22
index.html,16,html,be4127ca,dhrutube,2025-10-25,17:47:14,-07:00,2025-10-25T17:47:14-07:00,2,20
index.html,17,html,be4127ca,dhrutube,2025-10-25,17:47:14,-07:00,2025-10-25T17:47:14-07:00,2,49
index.html,18,html,be4127ca,dhrutube,2025-10-25,17:47:14,-07:00,2025-10-25T17:47:14-07:00,2,4
index.html,19,html,be4127ca,dhrutube,2025-10-25,17:47:14,-07:00,2025-10-25T17:47:14-07:00,2,298
index.html,20,html,2f97afdc,Dhruv Sehgal,2025-10-03,18:39:44,-07:00,2025-10-03T18:39:44-07:00,0,5
index.html,21,html,2f97afdc,Dhruv Sehgal,2025-10-03,18:39:44,-07:00,2025-10-03T18:39:44-07:00,0,5
global.js,1,js,4acc3e9d,Dhruv Sehgal,2025-10-17,20:55:02,-07:00,2025-10-17T20:55:02-07:00,0,25
global.js,2,js,4acc3e9d,Dhruv Sehgal,2025-10-17,20:55:02,-07:00,2025-10-17T20:55:02-07:00,0,0
global.js,3,js,4acc3e9d,Dhruv Sehgal,2025-10-17,20:55:02,-07:00,2025-10-17T20:55:02-07:00,0,41
global.js,4,js,4acc3e9d,Dhruv Sehgal,2025-10-17,20:55:02,-07:00,2025-10-17T20:55:02-07:00,1,52
global.js,5,js,4acc3e9d,Dhruv Sehgal,2025-10-17,20:55:02,-07:00,2025-10-17T20:55:02-07:00,0,0
global.js,6,js,4acc3e9d,Dhruv Sehgal,2025-10-17,20:55:02,-07:00,2025-10-17T20:55:02-07:00,0,0
global.js,7,js,4acc3e9d,Dhruv Sehgal,2025-10-17,20:55:02,-07:00,2025-10-17T20:55:02-07:00,0,4
global.js,8,js,4acc3e9d,Dhruv Sehgal,2025-10-17,20:55:02,-07:00,2025-10-17T20:55:02-07:00,0,31
global.js,9,js,4acc3e9d,Dhruv Sehgal,2025-10-17,20:55:02,-07:00,2025-10-17T20:55:02-07:00,0,28
global.js,10,js,4acc3e9d,Dhruv Sehgal,2025-10-17,20:55:02,-07:00,2025-10-17T20:55:02-07:00,0,0
global.js,11,js,4acc3e9d,Dhruv Sehgal,2025-10-17,20:55:02,-07:00,2025-10-17T20:55:02-07:00,0,24
global.js,12,js,4acc3e9d,Dhruv Sehgal,2025-10-17,20:55:02,-07:00,2025-10-17T20:55:02-07:00,0,33
global.js,13,js,4acc3e9d,Dhruv Sehgal,2025-10-17,20:55:02,-07:00,2025-10-17T20:55:02-07:00,0,73
global.js,14,js,4acc3e9d,Dhruv Sehgal,2025-10-17,20:55:02,-07:00,2025-10-17T20:55:02-07:00,0,5
global.js,15,js,4acc3e9d,Dhruv Sehgal,2025-10-17,20:55:02,-07:00,2025-10-17T20:55:02-07:00,0,57
global.js,16,js,4acc3e9d,Dhruv Sehgal,2025-10-17,20:55:02,-07:00,2025-10-17T20:55:02-07:00,0,108
global.js,17,js,4acc3e9d,Dhruv Sehgal,2025-10-17,20:55:02,-07:00,2025-10-17T20:55:02-07:00,0,39
global.js,18,js,4acc3e9d,Dhruv Sehgal,2025-10-17,20:55:02,-07:00,2025-10-17T20:55:02-07:00,0,4
global.js,19,js,4acc3e9d,Dhruv Sehgal,2025-10-17,20:55:02,-07:00,2025-10-17T20:55:02-07:00,0,0
global.js,20,js,4acc3e9d,Dhruv Sehgal,2025-10-17,20:55:02,-07:00,2025-10-17T20:55:02-07:00,0,129
global.js,21,js,4acc3e9d,Dhruv Sehgal,2025-10-17,20:55:02,-07:00,2025-10-17T20:55:02-07:00,0,0
global.js,22,js,4acc3e9d,Dhruv Sehgal,2025-10-17,20:55:02,-07:00,2025-10-17T20:55:02-07:00,0,49
global.js,23,js,4acc3e9d,Dhruv Sehgal,2025-10-17,20:55:02,-07:00,2025-10-17T20:55:02-07:00,0,11
global.js,24,js,4acc3e9d,Dhruv Sehgal,2025-10-17,20:55:02,-07:00,2025-10-17T20:55:02-07:00,2,25
global.js,25,js,4acc3e9d,Dhruv Sehgal,2025-10-17,20:55:02,-07:00,2025-10-17T20:55:02-07:00,2,38
global.js,26,js,4acc3e9d,Dhruv Sehgal,2025-10-17,20:55:02,-07:00,2025-10-17T20:55:02-07:00,2,36
global.js,27,js,4acc3e9d,Dhruv Sehgal,2025-10-17,20:55:02,-07:00,2025-10-17T20:55:02-07:00,2,34
global.js,28,js,4acc3e9d,Dhruv Sehgal,2025-10-17,20:55:02,-07:00,2025-10-17T20:55:02-07:00,2,52
global.js,29,js,4acc3e9d,Dhruv Sehgal,2025-10-17,20:55:02,-07:00,2025-10-17T20:55:02-07:00,1,0
global.js,30,js,4acc3e9d,Dhruv Sehgal,2025-10-17,20:55:02,-07:00,2025-10-17T20:55:02-07:00,0,0
global.js,31,js,4acc3e9d,Dhruv Sehgal,2025-10-17,20:55:02,-07:00,2025-10-17T20:55:02-07:00,0,38
global.js,32,js,4acc3e9d,Dhruv Sehgal,2025-10-17,20:55:02,-07:00,2025-10-17T20:55:02-07:00,0,25
global.js,33,js,4acc3e9d,Dhruv Sehgal,2025-10-17,20:55:02,-07:00,2025-10-17T20:55:02-07:00,0,0
global.js,34,js,4acc3e9d,Dhruv Sehgal,2025-10-17,20:55:02,-07:00,2025-10-17T20:55:02-07:00,0,88
global.js,35,js,4acc3e9d,Dhruv Sehgal,2025-10-17,20:55:02,-07:00,2025-10-17T20:55:02-07:00,1,36
global.js,36,js,b9d54c1f,Dhruv Sehgal,2025-10-17,21:10:51,-07:00,2025-10-17T21:10:51-07:00,1,48
global.js,37,js,4acc3e9d,Dhruv Sehgal,2025-10-17,20:55:02,-07:00,2025-10-17T20:55:02-07:00,0,0
global.js,38,js,4acc3e9d,Dhruv Sehgal,2025-10-17,20:55:02,-07:00,2025-10-17T20:55:02-07:00,0,0
global.js,39,js,4acc3e9d,Dhruv Sehgal,2025-10-17,20:55:02,-07:00,2025-10-17T20:55:02-07:00,0,20
global.js,40,js,4acc3e9d,Dhruv Sehgal,2025-10-17,20:55:02,-07:00,2025-10-17T20:55:02-07:00,2,14
global.js,41,js,4acc3e9d,Dhruv Sehgal,2025-10-17,20:55:02,-07:00,2025-10-17T20:55:02-07:00,2,18
global.js,42,js,4acc3e9d,Dhruv Sehgal,2025-10-17,20:55:02,-07:00,2025-10-17T20:55:02-07:00,2,41
global.js,43,js,4acc3e9d,Dhruv Sehgal,2025-10-17,20:55:02,-07:00,2025-10-17T20:55:02-07:00,2,30
global.js,44,js,4acc3e9d,Dhruv Sehgal,2025-10-17,20:55:02,-07:00,2025-10-17T20:55:02-07:00,2,52
global.js,45,js,4acc3e9d,Dhruv Sehgal,2025-10-17,20:55:02,-07:00,2025-10-17T20:55:02-07:00,2,34
global.js,46,js,4acc3e9d,Dhruv Sehgal,2025-10-17,20:55:02,-07:00,2025-10-17T20:55:02-07:00,2,11
global.js,47,js,4acc3e9d,Dhruv Sehgal,2025-10-17,20:55:02,-07:00,2025-10-17T20:55:02-07:00,2,20
global.js,48,js,4acc3e9d,Dhruv Sehgal,2025-10-17,20:55:02,-07:00,2025-10-17T20:55:02-07:00,2,12
global.js,49,js,4acc3e9d,Dhruv Sehgal,2025-10-17,20:55:02,-07:00,2025-10-17T20:55:02-07:00,2,65
global.js,50,js,4acc3e9d,Dhruv Sehgal,2025-10-17,20:55:02,-07:00,2025-10-17T20:55:02-07:00,4,25
global.js,51,js,4acc3e9d,Dhruv Sehgal,2025-10-17,20:55:02,-07:00,2025-10-17T20:55:02-07:00,3,0
global.js,52,js,4acc3e9d,Dhruv Sehgal,2025-10-17,20:55:02,-07:00,2025-10-17T20:55:02-07:00,2,65
global.js,53,js,4acc3e9d,Dhruv Sehgal,2025-10-17,20:55:02,-07:00,2025-10-17T20:55:02-07:00,4,18
global.js,54,js,4acc3e9d,Dhruv Sehgal,2025-10-17,20:55:02,-07:00,2025-10-17T20:55:02-07:00,2,0
global.js,55,js,4acc3e9d,Dhruv Sehgal,2025-10-17,20:55:02,-07:00,2025-10-17T20:55:02-07:00,1,0
global.js,56,js,4acc3e9d,Dhruv Sehgal,2025-10-17,20:55:02,-07:00,2025-10-17T20:55:02-07:00,0,0
global.js,57,js,4acc3e9d,Dhruv Sehgal,2025-10-17,20:55:02,-07:00,2025-10-17T20:55:02-07:00,0,31
global.js,58,js,4acc3e9d,Dhruv Sehgal,2025-10-17,20:55:02,-07:00,2025-10-17T20:55:02-07:00,0,11
global.js,59,js,4acc3e9d,Dhruv Sehgal,2025-10-17,20:55:02,-07:00,2025-10-17T20:55:02-07:00,0,0
global.js,60,js,4acc3e9d,Dhruv Sehgal,2025-10-17,20:55:02,-07:00,2025-10-17T20:55:02-07:00,2,26
global.js,61,js,4acc3e9d,Dhruv Sehgal,2025-10-17,20:55:02,-07:00,2025-10-17T20:55:02-07:00,4,4
global.js,62,js,4acc3e9d,Dhruv Sehgal,2025-10-17,20:55:02,-07:00,2025-10-17T20:55:02-07:00,4,6
global.js,63,js,4acc3e9d,Dhruv Sehgal,2025-10-17,20:55:02,-07:00,2025-10-17T20:55:02-07:00,6,36
global.js,64,js,4acc3e9d,Dhruv Sehgal,2025-10-17,20:55:02,-07:00,2025-10-17T20:55:02-07:00,6,34
global.js,65,js,4acc3e9d,Dhruv Sehgal,2025-10-17,20:55:02,-07:00,2025-10-17T20:55:02-07:00,6,32
global.js,66,js,4acc3e9d,Dhruv Sehgal,2025-10-17,20:55:02,-07:00,2025-10-17T20:55:02-07:00,4,7
global.js,67,js,4acc3e9d,Dhruv Sehgal,2025-10-17,20:55:02,-07:00,2025-10-17T20:55:02-07:00,2,8
global.js,68,js,4acc3e9d,Dhruv Sehgal,2025-10-17,20:55:02,-07:00,2025-10-17T20:55:02-07:00,0,0
global.js,69,js,4acc3e9d,Dhruv Sehgal,2025-10-17,20:55:02,-07:00,2025-10-17T20:55:02-07:00,0,0
global.js,70,js,4acc3e9d,Dhruv Sehgal,2025-10-17,20:55:02,-07:00,2025-10-17T20:55:02-07:00,0,57
global.js,71,js,4acc3e9d,Dhruv Sehgal,2025-10-17,20:55:02,-07:00,2025-10-17T20:55:02-07:00,0,49
global.js,72,js,4acc3e9d,Dhruv Sehgal,2025-10-17,20:55:02,-07:00,2025-10-17T20:55:02-07:00,2,57
global.js,73,js,4acc3e9d,Dhruv Sehgal,2025-10-17,20:55:02,-07:00,2025-10-17T20:55:02-07:00,2,77
global.js,74,js,4acc3e9d,Dhruv Sehgal,2025-10-17,20:55:02,-07:00,2025-10-17T20:55:02-07:00,2,44
global.js,75,js,4acc3e9d,Dhruv Sehgal,2025-10-17,20:55:02,-07:00,2025-10-17T20:55:02-07:00,1,1
global.js,76,js,4acc3e9d,Dhruv Sehgal,2025-10-17,20:55:02,-07:00,2025-10-17T20:55:02-07:00,0,0
global.js,77,js,4acc3e9d,Dhruv Sehgal,2025-10-17,20:55:02,-07:00,2025-10-17T20:55:02-07:00,0,34
global.js,78,js,4acc3e9d,Dhruv Sehgal,2025-10-17,20:55:02,-07:00,2025-10-17T20:55:02-07:00,2,36
global.js,79,js,4acc3e9d,Dhruv Sehgal,2025-10-17,20:55:02,-07:00,2025-10-17T20:55:02-07:00,2,65
global.js,80,js,4acc3e9d,Dhruv Sehgal,2025-10-17,20:55:02,-07:00,2025-10-17T20:55:02-07:00,2,20
global.js,81,js,4acc3e9d,Dhruv Sehgal,2025-10-17,20:55:02,-07:00,2025-10-17T20:55:02-07:00,0,0
global.js,82,js,4acc3e9d,Dhruv Sehgal,2025-10-17,20:55:02,-07:00,2025-10-17T20:55:02-07:00,0,0
global.js,83,js,4acc3e9d,Dhruv Sehgal,2025-10-17,20:55:02,-07:00,2025-10-17T20:55:02-07:00,0,40
global.js,84,js,4acc3e9d,Dhruv Sehgal,2025-10-17,20:55:02,-07:00,2025-10-17T20:55:02-07:00,0,48
global.js,85,js,4acc3e9d,Dhruv Sehgal,2025-10-17,20:55:02,-07:00,2025-10-17T20:55:02-07:00,1,21
global.js,86,js,4acc3e9d,Dhruv Sehgal,2025-10-17,20:55:02,-07:00,2025-10-17T20:55:02-07:00,1,28
global.js,87,js,4acc3e9d,Dhruv Sehgal,2025-10-17,20:55:02,-07:00,2025-10-17T20:55:02-07:00,0,0
global.js,88,js,4acc3e9d,Dhruv Sehgal,2025-10-17,20:55:02,-07:00,2025-10-17T20:55:02-07:00,1,13
global.js,89,js,4acc3e9d,Dhruv Sehgal,2025-10-17,20:55:02,-07:00,2025-10-17T20:55:02-07:00,1,14
global.js,90,js,4acc3e9d,Dhruv Sehgal,2025-10-17,20:55:02,-07:00,2025-10-17T20:55:02-07:00,1,31
global.js,91,js,4acc3e9d,Dhruv Sehgal,2025-10-17,20:55:02,-07:00,2025-10-17T20:55:02-07:00,2,31
global.js,92,js,4acc3e9d,Dhruv Sehgal,2025-10-17,20:55:02,-07:00,2025-10-17T20:55:02-07:00,2,50
global.js,93,js,4acc3e9d,Dhruv Sehgal,2025-10-17,20:55:02,-07:00,2025-10-17T20:55:02-07:00,2,43
global.js,94,js,4acc3e9d,Dhruv Sehgal,2025-10-17,20:55:02,-07:00,2025-10-17T20:55:02-07:00,1,0
global.js,95,js,4acc3e9d,Dhruv Sehgal,2025-10-17,20:55:02,-07:00,2025-10-17T20:55:02-07:00,1,45
global.js,96,js,4acc3e9d,Dhruv Sehgal,2025-10-17,20:55:02,-07:00,2025-10-17T20:55:02-07:00,1,18
global.js,97,js,be4127ca,dhrutube,2025-10-25,17:47:14,-07:00,2025-10-25T17:47:14-07:00,0,1
global.js,98,js,be4127ca,dhrutube,2025-10-25,17:47:14,-07:00,2025-10-25T17:47:14-07:00,0,0
global.js,99,js,be4127ca,dhrutube,2025-10-25,17:47:14,-07:00,2025-10-25T17:47:14-07:00,0,36
global.js,100,js,be4127ca,dhrutube,2025-10-25,17:47:14,-07:00,2025-10-25T17:47:14-07:00,1,3
global.js,101,js,be4127ca,dhrutube,2025-10-25,17:47:14,-07:00,2025-10-25T17:47:14-07:00,2,39
global.js,102,js,be4127ca,dhrutube,2025-10-25,17:47:14,-07:00,2025-10-25T17:47:14-07:00,2,32
global.js,103,js,be4127ca,dhrutube,2025-10-25,17:47:14,-07:00,2025-10-25T17:47:14-07:00,2,17
global.js,104,js,be4127ca,dhrutube,2025-10-25,17:47:14,-07:00,2025-10-25T17:47:14-07:00,3,66
global.js,105,js,be4127ca,dhrutube,2025-10-25,17:47:14,-07:00,2025-10-25T17:47:14-07:00,2,0
global.js,106,js,be4127ca,dhrutube,2025-10-25,17:47:14,-07:00,2025-10-25T17:47:14-07:00,2,33
global.js,107,js,be4127ca,dhrutube,2025-10-25,17:47:14,-07:00,2025-10-25T17:47:14-07:00,2,10
global.js,108,js,be4127ca,dhrutube,2025-10-25,17:47:14,-07:00,2025-10-25T17:47:14-07:00,1,15
global.js,109,js,be4127ca,dhrutube,2025-10-25,17:47:14,-07:00,2025-10-25T17:47:14-07:00,2,59
global.js,110,js,be4127ca,dhrutube,2025-10-25,17:47:14,-07:00,2025-10-25T17:47:14-07:00,1,0
global.js,111,js,be4127ca,dhrutube,2025-10-25,17:47:14,-07:00,2025-10-25T17:47:14-07:00,0,0
global.js,112,js,be4127ca,dhrutube,2025-10-25,17:47:14,-07:00,2025-10-25T17:47:14-07:00,0,0
global.js,113,js,be4127ca,dhrutube,2025-10-25,17:47:14,-07:00,2025-10-25T17:47:14-07:00,0,0
global.js,114,js,be4127ca,dhrutube,2025-10-25,17:47:14,-07:00,2025-10-25T17:47:14-07:00,0,79
global.js,115,js,be4127ca,dhrutube,2025-10-25,17:47:14,-07:00,2025-10-25T17:47:14-07:00,1,83
global.js,116,js,be4127ca,dhrutube,2025-10-25,17:47:14,-07:00,2025-10-25T17:47:14-07:00,1,30
global.js,117,js,be4127ca,dhrutube,2025-10-25,17:47:14,-07:00,2025-10-25T17:47:14-07:00,1,41
global.js,118,js,be4127ca,dhrutube,2025-10-25,17:47:14,-07:00,2025-10-25T17:47:14-07:00,2,26
global.js,119,js,be4127ca,dhrutube,2025-10-25,17:47:14,-07:00,2025-10-25T17:47:14-07:00,2,48
global.js,120,js,be4127ca,dhrutube,2025-10-25,17:47:14,-07:00,2025-10-25T17:47:14-07:00,2,19
global.js,121,js,be4127ca,dhrutube,2025-10-25,17:47:14,-07:00,2025-10-25T17:47:14-07:00,3,49
global.js,122,js,ff673a3c,dhrutube,2025-10-31,23:53:37,-07:00,2025-10-31T23:53:37-07:00,3,87
global.js,123,js,ff673a3c,dhrutube,2025-10-31,23:53:37,-07:00,2025-10-31T23:53:37-07:00,3,3
global.js,124,js,ff673a3c,dhrutube,2025-10-31,23:53:37,-07:00,2025-10-31T23:53:37-07:00,4,27
global.js,125,js,ff673a3c,dhrutube,2025-10-31,23:53:37,-07:00,2025-10-31T23:53:37-07:00,4,46
global.js,126,js,ff673a3c,dhrutube,2025-10-31,23:53:37,-07:00,2025-10-31T23:53:37-07:00,3,4
global.js,127,js,be4127ca,dhrutube,2025-10-25,17:47:14,-07:00,2025-10-25T17:47:14-07:00,2,0
global.js,128,js,be4127ca,dhrutube,2025-10-25,17:47:14,-07:00,2025-10-25T17:47:14-07:00,2,36
global.js,129,js,be4127ca,dhrutube,2025-10-25,17:47:14,-07:00,2025-10-25T17:47:14-07:00,1,0
global.js,130,js,be4127ca,dhrutube,2025-10-25,17:47:14,-07:00,2025-10-25T17:47:14-07:00,0,0
global.js,131,js,be4127ca,dhrutube,2025-10-25,17:47:14,-07:00,2025-10-25T17:47:14-07:00,0,0
global.js,132,js,be4127ca,dhrutube,2025-10-25,17:47:14,-07:00,2025-10-25T17:47:14-07:00,0,47
global.js,133,js,be4127ca,dhrutube,2025-10-25,17:47:14,-07:00,2025-10-25T17:47:14-07:00,1,22
global.js,134,js,be4127ca,dhrutube,2025-10-25,17:47:14,-07:00,2025-10-25T17:47:14-07:00,1,59
global.js,135,js,be4127ca,dhrutube,2025-10-25,17:47:14,-07:00,2025-10-25T17:47:14-07:00,0,0
resume/index.html,1,html,8b5c2d51,Dhruv Sehgal,2025-10-03,20:05:08,-07:00,2025-10-03T20:05:08-07:00,0,13
resume/index.html,2,html,8b5c2d51,Dhruv Sehgal,2025-10-03,20:05:08,-07:00,2025-10-03T20:05:08-07:00,0,14
resume/index.html,3,html,8b5c2d51,Dhruv Sehgal,2025-10-03,20:05:08,-07:00,2025-10-03T20:05:08-07:00,0,4
resume/index.html,4,html,8b5c2d51,Dhruv Sehgal,2025-10-03,20:05:08,-07:00,2025-10-03T20:05:08-07:00,2,20
resume/index.html,5,html,8b5c2d51,Dhruv Sehgal,2025-10-03,20:05:08,-07:00,2025-10-03T20:05:08-07:00,2,68
resume/index.html,6,html,8b5c2d51,Dhruv Sehgal,2025-10-03,20:05:08,-07:00,2025-10-03T20:05:08-07:00,2,42
resume/index.html,7,html,8b5c2d51,Dhruv Sehgal,2025-10-03,20:05:08,-07:00,2025-10-03T20:05:08-07:00,2,19
resume/index.html,8,html,8b5c2d51,Dhruv Sehgal,2025-10-03,20:05:08,-07:00,2025-10-03T20:05:08-07:00,0,5
resume/index.html,9,html,8b5c2d51,Dhruv Sehgal,2025-10-03,20:05:08,-07:00,2025-10-03T20:05:08-07:00,0,4
resume/index.html,10,html,4acc3e9d,Dhruv Sehgal,2025-10-17,20:55:02,-07:00,2025-10-17T20:55:02-07:00,2,48
resume/index.html,11,html,8b5c2d51,Dhruv Sehgal,2025-10-03,20:05:08,-07:00,2025-10-03T20:05:08-07:00,2,13
resume/index.html,12,html,8b5c2d51,Dhruv Sehgal,2025-10-03,20:05:08,-07:00,2025-10-03T20:05:08-07:00,2,7
resume/index.html,13,html,8b5c2d51,Dhruv Sehgal,2025-10-03,20:05:08,-07:00,2025-10-03T20:05:08-07:00,4,19
resume/index.html,14,html,8b5c2d51,Dhruv Sehgal,2025-10-03,20:05:08,-07:00,2025-10-03T20:05:08-07:00,4,36
resume/index.html,15,html,8b5c2d51,Dhruv Sehgal,2025-10-03,20:05:08,-07:00,2025-10-03T20:05:08-07:00,4,35
resume/index.html,16,html,8b5c2d51,Dhruv Sehgal,2025-10-03,20:05:08,-07:00,2025-10-03T20:05:08-07:00,2,8
resume/index.html,17,html,8b5c2d51,Dhruv Sehgal,2025-10-03,20:05:08,-07:00,2025-10-03T20:05:08-07:00,2,7
resume/index.html,18,html,8b5c2d51,Dhruv Sehgal,2025-10-03,20:05:08,-07:00,2025-10-03T20:05:08-07:00,4,16
resume/index.html,19,html,8b5c2d51,Dhruv Sehgal,2025-10-03,20:05:08,-07:00,2025-10-03T20:05:08-07:00,4,7
resume/index.html,20,html,8b5c2d51,Dhruv Sehgal,2025-10-03,20:05:08,-07:00,2025-10-03T20:05:08-07:00,6,55
resume/index.html,21,html,8b5c2d51,Dhruv Sehgal,2025-10-03,20:05:08,-07:00,2025-10-03T20:05:08-07:00,6,94
resume/index.html,22,html,8b5c2d51,Dhruv Sehgal,2025-10-03,20:05:08,-07:00,2025-10-03T20:05:08-07:00,4,8
resume/index.html,23,html,8b5c2d51,Dhruv Sehgal,2025-10-03,20:05:08,-07:00,2025-10-03T20:05:08-07:00,4,7
resume/index.html,24,html,8b5c2d51,Dhruv Sehgal,2025-10-03,20:05:08,-07:00,2025-10-03T20:05:08-07:00,6,42
resume/index.html,25,html,8b5c2d51,Dhruv Sehgal,2025-10-03,20:05:08,-07:00,2025-10-03T20:05:08-07:00,6,92
resume/index.html,26,html,8b5c2d51,Dhruv Sehgal,2025-10-03,20:05:08,-07:00,2025-10-03T20:05:08-07:00,4,8
resume/index.html,27,html,8b5c2d51,Dhruv Sehgal,2025-10-03,20:05:08,-07:00,2025-10-03T20:05:08-07:00,2,8
resume/index.html,28,html,8b5c2d51,Dhruv Sehgal,2025-10-03,20:05:08,-07:00,2025-10-03T20:05:08-07:00,2,7
resume/index.html,29,html,8b5c2d51,Dhruv Sehgal,2025-10-03,20:05:08,-07:00,2025-10-03T20:05:08-07:00,4,17
resume/index.html,30,html,8b5c2d51,Dhruv Sehgal,2025-10-03,20:05:08,-07:00,2025-10-03T20:05:08-07:00,4,7
resume/index.html,31,html,c6a0240c,Dhruv Sehgal,2025-10-03,20:40:36,-07:00,2025-10-03T20:40:36-07:00,6,103
resume/index.html,32,html,8b5c2d51,Dhruv Sehgal,2025-10-03,20:05:08,-07:00,2025-10-03T20:05:08-07:00,6,91
resume/index.html,33,html,8b5c2d51,Dhruv Sehgal,2025-10-03,20:05:08,-07:00,2025-10-03T20:05:08-07:00,6,2
resume/index.html,34,html,8b5c2d51,Dhruv Sehgal,2025-10-03,20:05:08,-07:00,2025-10-03T20:05:08-07:00,8,2
resume/index.html,35,html,8b5c2d51,Dhruv Sehgal,2025-10-03,20:05:08,-07:00,2025-10-03T20:05:08-07:00,10,111
resume/index.html,36,html,8b5c2d51,Dhruv Sehgal,2025-10-03,20:05:08,-07:00,2025-10-03T20:05:08-07:00,8,3
resume/index.html,37,html,8b5c2d51,Dhruv Sehgal,2025-10-03,20:05:08,-07:00,2025-10-03T20:05:08-07:00,8,2
resume/index.html,38,html,8b5c2d51,Dhruv Sehgal,2025-10-03,20:05:08,-07:00,2025-10-03T20:05:08-07:00,10,84
resume/index.html,39,html,8b5c2d51,Dhruv Sehgal,2025-10-03,20:05:08,-07:00,2025-10-03T20:05:08-07:00,8,3
resume/index.html,40,html,8b5c2d51,Dhruv Sehgal,2025-10-03,20:05:08,-07:00,2025-10-03T20:05:08-07:00,8,2
resume/index.html,41,html,8b5c2d51,Dhruv Sehgal,2025-10-03,20:05:08,-07:00,2025-10-03T20:05:08-07:00,10,150
resume/index.html,42,html,8b5c2d51,Dhruv Sehgal,2025-10-03,20:05:08,-07:00,2025-10-03T20:05:08-07:00,8,3
resume/index.html,43,html,8b5c2d51,Dhruv Sehgal,2025-10-03,20:05:08,-07:00,2025-10-03T20:05:08-07:00,8,2
resume/index.html,44,html,8b5c2d51,Dhruv Sehgal,2025-10-03,20:05:08,-07:00,2025-10-03T20:05:08-07:00,10,35
resume/index.html,45,html,8b5c2d51,Dhruv Sehgal,2025-10-03,20:05:08,-07:00,2025-10-03T20:05:08-07:00,8,3
resume/index.html,46,html,8b5c2d51,Dhruv Sehgal,2025-10-03,20:05:08,-07:00,2025-10-03T20:05:08-07:00,6,3
resume/index.html,47,html,8b5c2d51,Dhruv Sehgal,2025-10-03,20:05:08,-07:00,2025-10-03T20:05:08-07:00,4,8
resume/index.html,48,html,8b5c2d51,Dhruv Sehgal,2025-10-03,20:05:08,-07:00,2025-10-03T20:05:08-07:00,2,8
resume/index.html,49,html,8b5c2d51,Dhruv Sehgal,2025-10-03,20:05:08,-07:00,2025-10-03T20:05:08-07:00,2,6
resume/index.html,50,html,8b5c2d51,Dhruv Sehgal,2025-10-03,20:05:08,-07:00,2025-10-03T20:05:08-07:00,4,15
resume/index.html,51,html,8b5c2d51,Dhruv Sehgal,2025-10-03,20:05:08,-07:00,2025-10-03T20:05:08-07:00,4,7
resume/index.html,52,html,c6a0240c,Dhruv Sehgal,2025-10-03,20:40:36,-07:00,2025-10-03T20:40:36-07:00,6,119
resume/index.html,53,html,8b5c2d51,Dhruv Sehgal,2025-10-03,20:05:08,-07:00,2025-10-03T20:05:08-07:00,6,46
resume/index.html,54,html,8b5c2d51,Dhruv Sehgal,2025-10-03,20:05:08,-07:00,2025-10-03T20:05:08-07:00,6,112
resume/index.html,55,html,8b5c2d51,Dhruv Sehgal,2025-10-03,20:05:08,-07:00,2025-10-03T20:05:08-07:00,6,2
resume/index.html,56,html,8b5c2d51,Dhruv Sehgal,2025-10-03,20:05:08,-07:00,2025-10-03T20:05:08-07:00,8,2
resume/index.html,57,html,8b5c2d51,Dhruv Sehgal,2025-10-03,20:05:08,-07:00,2025-10-03T20:05:08-07:00,10,89
resume/index.html,58,html,8b5c2d51,Dhruv Sehgal,2025-10-03,20:05:08,-07:00,2025-10-03T20:05:08-07:00,8,3
resume/index.html,59,html,8b5c2d51,Dhruv Sehgal,2025-10-03,20:05:08,-07:00,2025-10-03T20:05:08-07:00,8,2
resume/index.html,60,html,8b5c2d51,Dhruv Sehgal,2025-10-03,20:05:08,-07:00,2025-10-03T20:05:08-07:00,10,41
resume/index.html,61,html,8b5c2d51,Dhruv Sehgal,2025-10-03,20:05:08,-07:00,2025-10-03T20:05:08-07:00,8,3
resume/index.html,62,html,8b5c2d51,Dhruv Sehgal,2025-10-03,20:05:08,-07:00,2025-10-03T20:05:08-07:00,8,2
resume/index.html,63,html,8b5c2d51,Dhruv Sehgal,2025-10-03,20:05:08,-07:00,2025-10-03T20:05:08-07:00,10,140
resume/index.html,64,html,8b5c2d51,Dhruv Sehgal,2025-10-03,20:05:08,-07:00,2025-10-03T20:05:08-07:00,8,3
resume/index.html,65,html,8b5c2d51,Dhruv Sehgal,2025-10-03,20:05:08,-07:00,2025-10-03T20:05:08-07:00,8,2
resume/index.html,66,html,8b5c2d51,Dhruv Sehgal,2025-10-03,20:05:08,-07:00,2025-10-03T20:05:08-07:00,10,74
resume/index.html,67,html,8b5c2d51,Dhruv Sehgal,2025-10-03,20:05:08,-07:00,2025-10-03T20:05:08-07:00,8,3
resume/index.html,68,html,8b5c2d51,Dhruv Sehgal,2025-10-03,20:05:08,-07:00,2025-10-03T20:05:08-07:00,6,3
resume/index.html,69,html,8b5c2d51,Dhruv Sehgal,2025-10-03,20:05:08,-07:00,2025-10-03T20:05:08-07:00,4,8
resume/index.html,70,html,8b5c2d51,Dhruv Sehgal,2025-10-03,20:05:08,-07:00,2025-10-03T20:05:08-07:00,2,7
resume/index.html,71,html,8b5c2d51,Dhruv Sehgal,2025-10-03,20:05:08,-07:00,2025-10-03T20:05:08-07:00,0,0
resume/index.html,72,html,8b5c2d51,Dhruv Sehgal,2025-10-03,20:05:08,-07:00,2025-10-03T20:05:08-07:00,0,0
resume/index.html,73,html,8b5c2d51,Dhruv Sehgal,2025-10-03,20:05:08,-07:00,2025-10-03T20:05:08-07:00,0,0
resume/index.html,74,html,8b5c2d51,Dhruv Sehgal,2025-10-03,20:05:08,-07:00,2025-10-03T20:05:08-07:00,0,5
resume/index.html,75,html,8b5c2d51,Dhruv Sehgal,2025-10-03,20:05:08,-07:00,2025-10-03T20:05:08-07:00,0,5
projects/projects.js,1,js,be4127ca,dhrutube,2025-10-25,17:47:14,-07:00,2025-10-25T17:47:14-07:00,0,55
projects/projects.js,2,js,ff673a3c,dhrutube,2025-10-31,23:53:37,-07:00,2025-10-31T23:53:37-07:00,0,63
projects/projects.js,3,js,ff673a3c,dhrutube,2025-10-31,23:53:37,-07:00,2025-10-31T23:53:37-07:00,0,0
projects/projects.js,4,js,ff673a3c,dhrutube,2025-10-31,23:53:37,-07:00,2025-10-31T23:53:37-07:00,0,79
projects/projects.js,5,js,be4127ca,dhrutube,2025-10-25,17:47:14,-07:00,2025-10-25T17:47:14-07:00,0,0
projects/projects.js,6,js,be4127ca,dhrutube,2025-10-25,17:47:14,-07:00,2025-10-25T17:47:14-07:00,0,60
projects/projects.js,7,js,d3930d0e,dhrutube,2025-11-07,13:00:39,-08:00,2025-11-07T13:00:39-08:00,0,42
projects/projects.js,8,js,d3930d0e,dhrutube,2025-11-07,13:00:39,-08:00,2025-11-07T13:00:39-08:00,0,47
projects/projects.js,9,js,be4127ca,dhrutube,2025-10-25,17:47:14,-07:00,2025-10-25T17:47:14-07:00,0,48
projects/projects.js,10,js,d1daa90c,dhrutube,2025-11-07,16:42:42,-08:00,2025-11-07T16:42:42-08:00,0,0
projects/projects.js,11,js,be4127ca,dhrutube,2025-10-25,17:47:14,-07:00,2025-10-25T17:47:14-07:00,0,0
projects/projects.js,12,js,be4127ca,dhrutube,2025-10-25,17:47:14,-07:00,2025-10-25T17:47:14-07:00,0,51
projects/projects.js,13,js,ff673a3c,dhrutube,2025-10-31,23:53:37,-07:00,2025-10-31T23:53:37-07:00,0,45
projects/projects.js,14,js,ff673a3c,dhrutube,2025-10-31,23:53:37,-07:00,2025-10-31T23:53:37-07:00,0,0
projects/projects.js,15,js,ff673a3c,dhrutube,2025-10-31,23:53:37,-07:00,2025-10-31T23:53:37-07:00,0,38
projects/projects.js,16,js,d3930d0e,dhrutube,2025-11-07,13:00:39,-08:00,2025-11-07T13:00:39-08:00,2,26
projects/projects.js,17,js,ff673a3c,dhrutube,2025-10-31,23:53:37,-07:00,2025-10-31T23:53:37-07:00,4,12
projects/projects.js,18,js,ff673a3c,dhrutube,2025-10-31,23:53:37,-07:00,2025-10-31T23:53:37-07:00,4,14
projects/projects.js,19,js,ff673a3c,dhrutube,2025-10-31,23:53:37,-07:00,2025-10-31T23:53:37-07:00,4,12
projects/projects.js,20,js,ff673a3c,dhrutube,2025-10-31,23:53:37,-07:00,2025-10-31T23:53:37-07:00,2,0
projects/projects.js,21,js,ff673a3c,dhrutube,2025-10-31,23:53:37,-07:00,2025-10-31T23:53:37-07:00,0,0
projects/projects.js,22,js,d3930d0e,dhrutube,2025-11-07,13:00:39,-08:00,2025-11-07T13:00:39-08:00,2,44
projects/projects.js,23,js,ff673a3c,dhrutube,2025-10-31,23:53:37,-07:00,2025-10-31T23:53:37-07:00,4,35
projects/projects.js,24,js,ff673a3c,dhrutube,2025-10-31,23:53:37,-07:00,2025-10-31T23:53:37-07:00,2,1
projects/projects.js,25,js,ff673a3c,dhrutube,2025-10-31,23:53:37,-07:00,2025-10-31T23:53:37-07:00,0,0
projects/projects.js,26,js,ff673a3c,dhrutube,2025-10-31,23:53:37,-07:00,2025-10-31T23:53:37-07:00,0,0
projects/projects.js,27,js,d3930d0e,dhrutube,2025-11-07,13:00:39,-08:00,2025-11-07T13:00:39-08:00,2,50
projects/projects.js,28,js,d3930d0e,dhrutube,2025-11-07,13:00:39,-08:00,2025-11-07T13:00:39-08:00,2,33
projects/projects.js,29,js,ff673a3c,dhrutube,2025-10-31,23:53:37,-07:00,2025-10-31T23:53:37-07:00,2,57
projects/projects.js,30,js,d3930d0e,dhrutube,2025-11-07,13:00:39,-08:00,2025-11-07T13:00:39-08:00,2,45
projects/projects.js,31,js,ff673a3c,dhrutube,2025-10-31,23:53:37,-07:00,2025-10-31T23:53:37-07:00,0,0
projects/projects.js,32,js,ff673a3c,dhrutube,2025-10-31,23:53:37,-07:00,2025-10-31T23:53:37-07:00,2,30
projects/projects.js,33,js,ff673a3c,dhrutube,2025-10-31,23:53:37,-07:00,2025-10-31T23:53:37-07:00,2,29
projects/projects.js,34,js,ff673a3c,dhrutube,2025-10-31,23:53:37,-07:00,2025-10-31T23:53:37-07:00,2,33
projects/projects.js,35,js,ff673a3c,dhrutube,2025-10-31,23:53:37,-07:00,2025-10-31T23:53:37-07:00,2,36
projects/projects.js,36,js,ff673a3c,dhrutube,2025-10-31,23:53:37,-07:00,2025-10-31T23:53:37-07:00,2,33
projects/projects.js,37,js,ff673a3c,dhrutube,2025-10-31,23:53:37,-07:00,2025-10-31T23:53:37-07:00,0,0
projects/projects.js,38,js,d3930d0e,dhrutube,2025-11-07,13:00:39,-08:00,2025-11-07T13:00:39-08:00,0,0
projects/projects.js,39,js,d3930d0e,dhrutube,2025-11-07,13:00:39,-08:00,2025-11-07T13:00:39-08:00,0,0
projects/projects.js,40,js,d3930d0e,dhrutube,2025-11-07,13:00:39,-08:00,2025-11-07T13:00:39-08:00,2,26
projects/projects.js,41,js,d1daa90c,dhrutube,2025-11-07,16:42:42,-08:00,2025-11-07T16:42:42-08:00,4,35
projects/projects.js,42,js,d3930d0e,dhrutube,2025-11-07,13:00:39,-08:00,2025-11-07T13:00:39-08:00,4,87
projects/projects.js,43,js,d3930d0e,dhrutube,2025-11-07,13:00:39,-08:00,2025-11-07T13:00:39-08:00,4,18
projects/projects.js,44,js,d3930d0e,dhrutube,2025-11-07,13:00:39,-08:00,2025-11-07T13:00:39-08:00,6,47
projects/projects.js,45,js,d3930d0e,dhrutube,2025-11-07,13:00:39,-08:00,2025-11-07T13:00:39-08:00,6,5
projects/projects.js,46,js,d3930d0e,dhrutube,2025-11-07,13:00:39,-08:00,2025-11-07T13:00:39-08:00,6,16
projects/projects.js,47,js,d3930d0e,dhrutube,2025-11-07,13:00:39,-08:00,2025-11-07T13:00:39-08:00,6,26
projects/projects.js,48,js,d3930d0e,dhrutube,2025-11-07,13:00:39,-08:00,2025-11-07T13:00:39-08:00,6,80
projects/projects.js,49,js,d3930d0e,dhrutube,2025-11-07,13:00:39,-08:00,2025-11-07T13:00:39-08:00,6,39
projects/projects.js,50,js,d3930d0e,dhrutube,2025-11-07,13:00:39,-08:00,2025-11-07T13:00:39-08:00,6,1
projects/projects.js,51,js,d3930d0e,dhrutube,2025-11-07,13:00:39,-08:00,2025-11-07T13:00:39-08:00,0,0
projects/projects.js,52,js,d3930d0e,dhrutube,2025-11-07,13:00:39,-08:00,2025-11-07T13:00:39-08:00,6,8
projects/projects.js,53,js,d3930d0e,dhrutube,2025-11-07,13:00:39,-08:00,2025-11-07T13:00:39-08:00,6,14
projects/projects.js,54,js,d3930d0e,dhrutube,2025-11-07,13:00:39,-08:00,2025-11-07T13:00:39-08:00,6,26
projects/projects.js,55,js,d3930d0e,dhrutube,2025-11-07,13:00:39,-08:00,2025-11-07T13:00:39-08:00,6,105
projects/projects.js,56,js,d3930d0e,dhrutube,2025-11-07,13:00:39,-08:00,2025-11-07T13:00:39-08:00,6,66
projects/projects.js,57,js,d3930d0e,dhrutube,2025-11-07,13:00:39,-08:00,2025-11-07T13:00:39-08:00,6,0
projects/projects.js,58,js,d3930d0e,dhrutube,2025-11-07,13:00:39,-08:00,2025-11-07T13:00:39-08:00,6,40
projects/projects.js,59,js,d3930d0e,dhrutube,2025-11-07,13:00:39,-08:00,2025-11-07T13:00:39-08:00,6,54
projects/projects.js,60,js,d3930d0e,dhrutube,2025-11-07,13:00:39,-08:00,2025-11-07T13:00:39-08:00,6,1
projects/projects.js,61,js,d3930d0e,dhrutube,2025-11-07,13:00:39,-08:00,2025-11-07T13:00:39-08:00,0,0
projects/projects.js,62,js,d3930d0e,dhrutube,2025-11-07,13:00:39,-08:00,2025-11-07T13:00:39-08:00,6,25
projects/projects.js,63,js,d3930d0e,dhrutube,2025-11-07,13:00:39,-08:00,2025-11-07T13:00:39-08:00,8,48
projects/projects.js,64,js,d3930d0e,dhrutube,2025-11-07,13:00:39,-08:00,2025-11-07T13:00:39-08:00,7,6
projects/projects.js,65,js,d3930d0e,dhrutube,2025-11-07,13:00:39,-08:00,2025-11-07T13:00:39-08:00,8,52
projects/projects.js,66,js,d3930d0e,dhrutube,2025-11-07,13:00:39,-08:00,2025-11-07T13:00:39-08:00,8,31
projects/projects.js,67,js,d3930d0e,dhrutube,2025-11-07,13:00:39,-08:00,2025-11-07T13:00:39-08:00,8,45
projects/projects.js,68,js,d3930d0e,dhrutube,2025-11-07,13:00:39,-08:00,2025-11-07T13:00:39-08:00,8,61
projects/projects.js,69,js,d3930d0e,dhrutube,2025-11-07,13:00:39,-08:00,2025-11-07T13:00:39-08:00,8,48
projects/projects.js,70,js,d3930d0e,dhrutube,2025-11-07,13:00:39,-08:00,2025-11-07T13:00:39-08:00,7,0
projects/projects.js,71,js,d3930d0e,dhrutube,2025-11-07,13:00:39,-08:00,2025-11-07T13:00:39-08:00,5,1
projects/projects.js,72,js,ff673a3c,dhrutube,2025-10-31,23:53:37,-07:00,2025-10-31T23:53:37-07:00,2,1
projects/projects.js,73,js,ff673a3c,dhrutube,2025-10-31,23:53:37,-07:00,2025-10-31T23:53:37-07:00,0,0
projects/projects.js,74,js,ff673a3c,dhrutube,2025-10-31,23:53:37,-07:00,2025-10-31T23:53:37-07:00,2,16
projects/projects.js,75,js,d3930d0e,dhrutube,2025-11-07,13:00:39,-08:00,2025-11-07T13:00:39-08:00,2,24
projects/projects.js,76,js,d3930d0e,dhrutube,2025-11-07,13:00:39,-08:00,2025-11-07T13:00:39-08:00,2,8
projects/projects.js,77,js,ff673a3c,dhrutube,2025-10-31,23:53:37,-07:00,2025-10-31T23:53:37-07:00,4,11
projects/projects.js,78,js,ff673a3c,dhrutube,2025-10-31,23:53:37,-07:00,2025-10-31T23:53:37-07:00,4,27
projects/projects.js,79,js,ff673a3c,dhrutube,2025-10-31,23:53:37,-07:00,2025-10-31T23:53:37-07:00,4,4
projects/projects.js,80,js,d1daa90c,dhrutube,2025-11-07,16:42:42,-08:00,2025-11-07T16:42:42-08:00,4,101
projects/projects.js,81,js,ff673a3c,dhrutube,2025-10-31,23:53:37,-07:00,2025-10-31T23:53:37-07:00,4,0
projects/projects.js,82,js,ff673a3c,dhrutube,2025-10-31,23:53:37,-07:00,2025-10-31T23:53:37-07:00,2,1
projects/projects.js,83,js,ff673a3c,dhrutube,2025-10-31,23:53:37,-07:00,2025-10-31T23:53:37-07:00,0,0
projects/projects.js,84,js,ff673a3c,dhrutube,2025-10-31,23:53:37,-07:00,2025-10-31T23:53:37-07:00,0,0
projects/projects.js,85,js,d1daa90c,dhrutube,2025-11-07,16:42:42,-08:00,2025-11-07T16:42:42-08:00,0,23
projects/projects.js,86,js,ff673a3c,dhrutube,2025-10-31,23:53:37,-07:00,2025-10-31T23:53:37-07:00,0,0
projects/projects.js,87,js,ff673a3c,dhrutube,2025-10-31,23:53:37,-07:00,2025-10-31T23:53:37-07:00,0,13
projects/projects.js,88,js,ff673a3c,dhrutube,2025-10-31,23:53:37,-07:00,2025-10-31T23:53:37-07:00,0,53
projects/projects.js,89,js,ff673a3c,dhrutube,2025-10-31,23:53:37,-07:00,2025-10-31T23:53:37-07:00,0,48
projects/projects.js,90,js,ff673a3c,dhrutube,2025-10-31,23:53:37,-07:00,2025-10-31T23:53:37-07:00,2,25
projects/projects.js,91,js,ff673a3c,dhrutube,2025-10-31,23:53:37,-07:00,2025-10-31T23:53:37-07:00,2,51
projects/projects.js,92,js,ff673a3c,dhrutube,2025-10-31,23:53:37,-07:00,2025-10-31T23:53:37-07:00,4,59
projects/projects.js,93,js,ff673a3c,dhrutube,2025-10-31,23:53:37,-07:00,2025-10-31T23:53:37-07:00,4,42
projects/projects.js,94,js,ff673a3c,dhrutube,2025-10-31,23:53:37,-07:00,2025-10-31T23:53:37-07:00,3,1
projects/projects.js,95,js,ff673a3c,dhrutube,2025-10-31,23:53:37,-07:00,2025-10-31T23:53:37-07:00,2,52
projects/projects.js,96,js,ff673a3c,dhrutube,2025-10-31,23:53:37,-07:00,2025-10-31T23:53:37-07:00,2,56
projects/projects.js,97,js,ff673a3c,dhrutube,2025-10-31,23:53:37,-07:00,2025-10-31T23:53:37-07:00,2,31
projects/projects.js,98,js,949eb56e,dhrutube,2025-11-03,13:38:22,-08:00,2025-11-03T13:38:22-08:00,0,1
projects/index.html,1,html,8b5c2d51,Dhruv Sehgal,2025-10-03,20:05:08,-07:00,2025-10-03T20:05:08-07:00,0,13
projects/index.html,2,html,8b5c2d51,Dhruv Sehgal,2025-10-03,20:05:08,-07:00,2025-10-03T20:05:08-07:00,0,14
projects/index.html,3,html,8b5c2d51,Dhruv Sehgal,2025-10-03,20:05:08,-07:00,2025-10-03T20:05:08-07:00,0,4
projects/index.html,4,html,8b5c2d51,Dhruv Sehgal,2025-10-03,20:05:08,-07:00,2025-10-03T20:05:08-07:00,2,20
projects/index.html,5,html,8b5c2d51,Dhruv Sehgal,2025-10-03,20:05:08,-07:00,2025-10-03T20:05:08-07:00,2,68
projects/index.html,6,html,8b5c2d51,Dhruv Sehgal,2025-10-03,20:05:08,-07:00,2025-10-03T20:05:08-07:00,2,42
projects/index.html,7,html,8b5c2d51,Dhruv Sehgal,2025-10-03,20:05:08,-07:00,2025-10-03T20:05:08-07:00,2,21
projects/index.html,8,html,8b5c2d51,Dhruv Sehgal,2025-10-03,20:05:08,-07:00,2025-10-03T20:05:08-07:00,0,5
projects/index.html,9,html,50f78425,Dhruv Sehgal,2025-10-10,23:54:11,-07:00,2025-10-10T23:54:11-07:00,0,5
projects/index.html,10,html,4acc3e9d,Dhruv Sehgal,2025-10-17,20:55:02,-07:00,2025-10-17T20:55:02-07:00,2,48
projects/index.html,11,html,be4127ca,dhrutube,2025-10-25,17:47:14,-07:00,2025-10-25T17:47:14-07:00,2,38
projects/index.html,12,html,ff673a3c,dhrutube,2025-10-31,23:53:37,-07:00,2025-10-31T23:53:37-07:00,2,57
projects/index.html,13,html,ff673a3c,dhrutube,2025-10-31,23:53:37,-07:00,2025-10-31T23:53:37-07:00,4,40
projects/index.html,14,html,ff673a3c,dhrutube,2025-10-31,23:53:37,-07:00,2025-10-31T23:53:37-07:00,2,8
projects/index.html,15,html,ff673a3c,dhrutube,2025-10-31,23:53:37,-07:00,2025-10-31T23:53:37-07:00,2,53
projects/index.html,16,html,ff673a3c,dhrutube,2025-10-31,23:53:37,-07:00,2025-10-31T23:53:37-07:00,4,68
projects/index.html,17,html,ff673a3c,dhrutube,2025-10-31,23:53:37,-07:00,2025-10-31T23:53:37-07:00,2,8
projects/index.html,18,html,ff673a3c,dhrutube,2025-10-31,23:53:37,-07:00,2025-10-31T23:53:37-07:00,2,21
projects/index.html,19,html,ff673a3c,dhrutube,2025-10-31,23:53:37,-07:00,2025-10-31T23:53:37-07:00,4,58
projects/index.html,20,html,ff673a3c,dhrutube,2025-10-31,23:53:37,-07:00,2025-10-31T23:53:37-07:00,4,22
projects/index.html,21,html,ff673a3c,dhrutube,2025-10-31,23:53:37,-07:00,2025-10-31T23:53:37-07:00,2,4
projects/index.html,22,html,ff673a3c,dhrutube,2025-10-31,23:53:37,-07:00,2025-10-31T23:53:37-07:00,2,4
projects/index.html,23,html,ff673a3c,dhrutube,2025-10-31,23:53:37,-07:00,2025-10-31T23:53:37-07:00,4,15
projects/index.html,24,html,ff673a3c,dhrutube,2025-10-31,23:53:37,-07:00,2025-10-31T23:53:37-07:00,4,11
projects/index.html,25,html,ff673a3c,dhrutube,2025-10-31,23:53:37,-07:00,2025-10-31T23:53:37-07:00,4,26
projects/index.html,26,html,ff673a3c,dhrutube,2025-10-31,23:53:37,-07:00,2025-10-31T23:53:37-07:00,4,31
projects/index.html,27,html,ff673a3c,dhrutube,2025-10-31,23:53:37,-07:00,2025-10-31T23:53:37-07:00,2,0
projects/index.html,28,html,50f78425,Dhruv Sehgal,2025-10-10,23:54:11,-07:00,2025-10-10T23:54:11-07:00,2,20
projects/index.html,29,html,be4127ca,dhrutube,2025-10-25,17:47:14,-07:00,2025-10-25T17:47:14-07:00,4,47
projects/index.html,30,html,50f78425,Dhruv Sehgal,2025-10-10,23:54:11,-07:00,2025-10-10T23:54:11-07:00,2,4
projects/index.html,31,html,be4127ca,dhrutube,2025-10-25,17:47:14,-07:00,2025-10-25T17:47:14-07:00,2,70
projects/index.html,32,html,8b5c2d51,Dhruv Sehgal,2025-10-03,20:05:08,-07:00,2025-10-03T20:05:08-07:00,2,94
projects/index.html,33,html,8b5c2d51,Dhruv Sehgal,2025-10-03,20:05:08,-07:00,2025-10-03T20:05:08-07:00,0,5
projects/index.html,34,html,8b5c2d51,Dhruv Sehgal,2025-10-03,20:05:08,-07:00,2025-10-03T20:05:08-07:00,0,5
meta/main.js,1,js,17bcba7d,dhrutube,2025-11-08,22:52:38,-08:00,2025-11-08T22:52:38-08:00,0,63
meta/main.js,2,js,17bcba7d,dhrutube,2025-11-08,22:52:38,-08:00,2025-11-08T22:52:38-08:00,0,0
meta/main.js,3,js,17bcba7d,dhrutube,2025-11-08,22:52:38,-08:00,2025-11-08T22:52:38-08:00,0,13
meta/main.js,4,js,17bcba7d,dhrutube,2025-11-08,22:52:38,-08:00,2025-11-08T22:52:38-08:00,0,13
meta/main.js,5,js,17bcba7d,dhrutube,2025-11-08,22:52:38,-08:00,2025-11-08T22:52:38-08:00,0,0
meta/main.js,6,js,17bcba7d,dhrutube,2025-11-08,22:52:38,-08:00,2025-11-08T22:52:38-08:00,0,25
meta/main.js,7,js,17bcba7d,dhrutube,2025-11-08,22:52:38,-08:00,2025-11-08T22:52:38-08:00,2,46
meta/main.js,8,js,17bcba7d,dhrutube,2025-11-08,22:52:38,-08:00,2025-11-08T22:52:38-08:00,4,5
meta/main.js,9,js,17bcba7d,dhrutube,2025-11-08,22:52:38,-08:00,2025-11-08T22:52:38-08:00,4,42
meta/main.js,10,js,17bcba7d,dhrutube,2025-11-08,22:52:38,-08:00,2025-11-08T22:52:38-08:00,4,23
meta/main.js,11,js,17bcba7d,dhrutube,2025-11-08,22:52:38,-08:00,2025-11-08T22:52:38-08:00,4,25
meta/main.js,12,js,17bcba7d,dhrutube,2025-11-08,22:52:38,-08:00,2025-11-08T22:52:38-08:00,4,49
meta/main.js,13,js,17bcba7d,dhrutube,2025-11-08,22:52:38,-08:00,2025-11-08T22:52:38-08:00,4,31
meta/main.js,14,js,17bcba7d,dhrutube,2025-11-08,22:52:38,-08:00,2025-11-08T22:52:38-08:00,3,2
meta/main.js,15,js,17bcba7d,dhrutube,2025-11-08,22:52:38,-08:00,2025-11-08T22:52:38-08:00,0,0
meta/main.js,16,js,17bcba7d,dhrutube,2025-11-08,22:52:38,-08:00,2025-11-08T22:52:38-08:00,3,10
meta/main.js,17,js,17bcba7d,dhrutube,2025-11-08,22:52:38,-08:00,2025-11-08T22:52:38-08:00,0,0
meta/main.js,18,js,17bcba7d,dhrutube,2025-11-08,22:52:38,-08:00,2025-11-08T22:52:38-08:00,1,0
meta/main.js,19,js,17bcba7d,dhrutube,2025-11-08,22:52:38,-08:00,2025-11-08T22:52:38-08:00,0,0
meta/main.js,20,js,17bcba7d,dhrutube,2025-11-08,22:52:38,-08:00,2025-11-08T22:52:38-08:00,0,29
meta/main.js,21,js,17bcba7d,dhrutube,2025-11-08,22:52:38,-08:00,2025-11-08T22:52:38-08:00,2,7
meta/main.js,22,js,17bcba7d,dhrutube,2025-11-08,22:52:38,-08:00,2025-11-08T22:52:38-08:00,3,28
meta/main.js,23,js,17bcba7d,dhrutube,2025-11-08,22:52:38,-08:00,2025-11-08T22:52:38-08:00,3,25
meta/main.js,24,js,17bcba7d,dhrutube,2025-11-08,22:52:38,-08:00,2025-11-08T22:52:38-08:00,4,19
meta/main.js,25,js,17bcba7d,dhrutube,2025-11-08,22:52:38,-08:00,2025-11-08T22:52:38-08:00,4,53
meta/main.js,26,js,17bcba7d,dhrutube,2025-11-08,22:52:38,-08:00,2025-11-08T22:52:38-08:00,4,9
meta/main.js,27,js,17bcba7d,dhrutube,2025-11-08,22:52:38,-08:00,2025-11-08T22:52:38-08:00,5,9
meta/main.js,28,js,17bcba7d,dhrutube,2025-11-08,22:52:38,-08:00,2025-11-08T22:52:38-08:00,5,59
meta/main.js,29,js,17bcba7d,dhrutube,2025-11-08,22:52:38,-08:00,2025-11-08T22:52:38-08:00,5,5
meta/main.js,30,js,17bcba7d,dhrutube,2025-11-08,22:52:38,-08:00,2025-11-08T22:52:38-08:00,5,3
meta/main.js,31,js,17bcba7d,dhrutube,2025-11-08,22:52:38,-08:00,2025-11-08T22:52:38-08:00,5,3
meta/main.js,32,js,17bcba7d,dhrutube,2025-11-08,22:52:38,-08:00,2025-11-08T22:52:38-08:00,5,7
meta/main.js,33,js,17bcba7d,dhrutube,2025-11-08,22:52:38,-08:00,2025-11-08T22:52:38-08:00,5,7
meta/main.js,34,js,17bcba7d,dhrutube,2025-11-08,22:52:38,-08:00,2025-11-08T22:52:38-08:00,5,57
meta/main.js,35,js,17bcba7d,dhrutube,2025-11-08,22:52:38,-08:00,2025-11-08T22:52:38-08:00,5,23
meta/main.js,36,js,17bcba7d,dhrutube,2025-11-08,22:52:38,-08:00,2025-11-08T22:52:38-08:00,4,0
meta/main.js,37,js,17bcba7d,dhrutube,2025-11-08,22:52:38,-08:00,2025-11-08T22:52:38-08:00,1,0
meta/main.js,38,js,17bcba7d,dhrutube,2025-11-08,22:52:38,-08:00,2025-11-08T22:52:38-08:00,4,35
meta/main.js,39,js,17bcba7d,dhrutube,2025-11-08,22:52:38,-08:00,2025-11-08T22:52:38-08:00,5,11
meta/main.js,40,js,17bcba7d,dhrutube,2025-11-08,22:52:38,-08:00,2025-11-08T22:52:38-08:00,5,38
meta/main.js,41,js,17bcba7d,dhrutube,2025-11-08,22:52:38,-08:00,2025-11-08T22:52:38-08:00,5,53
meta/main.js,42,js,17bcba7d,dhrutube,2025-11-08,22:52:38,-08:00,2025-11-08T22:52:38-08:00,5,18
meta/main.js,43,js,17bcba7d,dhrutube,2025-11-08,22:52:38,-08:00,2025-11-08T22:52:38-08:00,5,16
meta/main.js,44,js,17bcba7d,dhrutube,2025-11-08,22:52:38,-08:00,2025-11-08T22:52:38-08:00,5,13
meta/main.js,45,js,17bcba7d,dhrutube,2025-11-08,22:52:38,-08:00,2025-11-08T22:52:38-08:00,4,1
meta/main.js,46,js,17bcba7d,dhrutube,2025-11-08,22:52:38,-08:00,2025-11-08T22:52:38-08:00,1,0
meta/main.js,47,js,17bcba7d,dhrutube,2025-11-08,22:52:38,-08:00,2025-11-08T22:52:38-08:00,4,9
meta/main.js,48,js,17bcba7d,dhrutube,2025-11-08,22:52:38,-08:00,2025-11-08T22:52:38-08:00,3,1
meta/main.js,49,js,17bcba7d,dhrutube,2025-11-08,22:52:38,-08:00,2025-11-08T22:52:38-08:00,0,0
meta/main.js,50,js,17bcba7d,dhrutube,2025-11-08,22:52:38,-08:00,2025-11-08T22:52:38-08:00,1,0
meta/main.js,51,js,17bcba7d,dhrutube,2025-11-08,22:52:38,-08:00,2025-11-08T22:52:38-08:00,0,0
meta/main.js,52,js,17bcba7d,dhrutube,2025-11-08,22:52:38,-08:00,2025-11-08T22:52:38-08:00,0,40
meta/main.js,53,js,17bcba7d,dhrutube,2025-11-08,22:52:38,-08:00,2025-11-08T22:52:38-08:00,2,22
meta/main.js,54,js,17bcba7d,dhrutube,2025-11-08,22:52:38,-08:00,2025-11-08T22:52:38-08:00,2,65
meta/main.js,55,js,17bcba7d,dhrutube,2025-11-08,22:52:38,-08:00,2025-11-08T22:52:38-08:00,1,0
meta/main.js,56,js,17bcba7d,dhrutube,2025-11-08,22:52:38,-08:00,2025-11-08T22:52:38-08:00,2,14
meta/main.js,57,js,17bcba7d,dhrutube,2025-11-08,22:52:38,-08:00,2025-11-08T22:52:38-08:00,2,67
meta/main.js,58,js,17bcba7d,dhrutube,2025-11-08,22:52:38,-08:00,2025-11-08T22:52:38-08:00,2,32
meta/main.js,59,js,17bcba7d,dhrutube,2025-11-08,22:52:38,-08:00,2025-11-08T22:52:38-08:00,1,0
meta/main.js,60,js,17bcba7d,dhrutube,2025-11-08,22:52:38,-08:00,2025-11-08T22:52:38-08:00,2,18
meta/main.js,61,js,17bcba7d,dhrutube,2025-11-08,22:52:38,-08:00,2025-11-08T22:52:38-08:00,2,36
meta/main.js,62,js,17bcba7d,dhrutube,2025-11-08,22:52:38,-08:00,2025-11-08T22:52:38-08:00,2,35
meta/main.js,63,js,17bcba7d,dhrutube,2025-11-08,22:52:38,-08:00,2025-11-08T22:52:38-08:00,1,0
meta/main.js,64,js,17bcba7d,dhrutube,2025-11-08,22:52:38,-08:00,2025-11-08T22:52:38-08:00,2,28
meta/main.js,65,js,17bcba7d,dhrutube,2025-11-08,22:52:38,-08:00,2025-11-08T22:52:38-08:00,0,0
meta/main.js,66,js,17bcba7d,dhrutube,2025-11-08,22:52:38,-08:00,2025-11-08T22:52:38-08:00,2,20
meta/main.js,67,js,17bcba7d,dhrutube,2025-11-08,22:52:38,-08:00,2025-11-08T22:52:38-08:00,2,48
meta/main.js,68,js,17bcba7d,dhrutube,2025-11-08,22:52:38,-08:00,2025-11-08T22:52:38-08:00,2,34
meta/main.js,69,js,17bcba7d,dhrutube,2025-11-08,22:52:38,-08:00,2025-11-08T22:52:38-08:00,2,29
meta/main.js,70,js,17bcba7d,dhrutube,2025-11-08,22:52:38,-08:00,2025-11-08T22:52:38-08:00,0,0
meta/main.js,71,js,17bcba7d,dhrutube,2025-11-08,22:52:38,-08:00,2025-11-08T22:52:38-08:00,2,18
meta/main.js,72,js,17bcba7d,dhrutube,2025-11-08,22:52:38,-08:00,2025-11-08T22:52:38-08:00,2,45
meta/main.js,73,js,17bcba7d,dhrutube,2025-11-08,22:52:38,-08:00,2025-11-08T22:52:38-08:00,2,36
meta/main.js,74,js,17bcba7d,dhrutube,2025-11-08,22:52:38,-08:00,2025-11-08T22:52:38-08:00,2,29
meta/main.js,75,js,17bcba7d,dhrutube,2025-11-08,22:52:38,-08:00,2025-11-08T22:52:38-08:00,0,0
meta/main.js,76,js,17bcba7d,dhrutube,2025-11-08,22:52:38,-08:00,2025-11-08T22:52:38-08:00,2,18
meta/main.js,77,js,17bcba7d,dhrutube,2025-11-08,22:52:38,-08:00,2025-11-08T22:52:38-08:00,2,46
meta/main.js,78,js,17bcba7d,dhrutube,2025-11-08,22:52:38,-08:00,2025-11-08T22:52:38-08:00,2,31
meta/main.js,79,js,17bcba7d,dhrutube,2025-11-08,22:52:38,-08:00,2025-11-08T22:52:38-08:00,2,36
meta/main.js,80,js,17bcba7d,dhrutube,2025-11-08,22:52:38,-08:00,2025-11-08T22:52:38-08:00,2,38
meta/main.js,81,js,17bcba7d,dhrutube,2025-11-08,22:52:38,-08:00,2025-11-08T22:52:38-08:00,0,0
meta/main.js,82,js,17bcba7d,dhrutube,2025-11-08,22:52:38,-08:00,2025-11-08T22:52:38-08:00,2,24
meta/main.js,83,js,17bcba7d,dhrutube,2025-11-08,22:52:38,-08:00,2025-11-08T22:52:38-08:00,2,45
meta/main.js,84,js,17bcba7d,dhrutube,2025-11-08,22:52:38,-08:00,2025-11-08T22:52:38-08:00,2,38
meta/main.js,85,js,17bcba7d,dhrutube,2025-11-08,22:52:38,-08:00,2025-11-08T22:52:38-08:00,2,29
meta/main.js,86,js,17bcba7d,dhrutube,2025-11-08,22:52:38,-08:00,2025-11-08T22:52:38-08:00,2,0
meta/main.js,87,js,17bcba7d,dhrutube,2025-11-08,22:52:38,-08:00,2025-11-08T22:52:38-08:00,0,0
meta/main.js,88,js,17bcba7d,dhrutube,2025-11-08,22:52:38,-08:00,2025-11-08T22:52:38-08:00,0,0
meta/main.js,89,js,17bcba7d,dhrutube,2025-11-08,22:52:38,-08:00,2025-11-08T22:52:38-08:00,0,41
meta/main.js,90,js,17bcba7d,dhrutube,2025-11-08,22:52:38,-08:00,2025-11-08T22:52:38-08:00,2,17
meta/main.js,91,js,17bcba7d,dhrutube,2025-11-08,22:52:38,-08:00,2025-11-08T22:52:38-08:00,2,17
meta/main.js,92,js,17bcba7d,dhrutube,2025-11-08,22:52:38,-08:00,2025-11-08T22:52:38-08:00,0,0
meta/main.js,93,js,17bcba7d,dhrutube,2025-11-08,22:52:38,-08:00,2025-11-08T22:52:38-08:00,2,75
meta/main.js,94,js,17bcba7d,dhrutube,2025-11-08,22:52:38,-08:00,2025-11-08T22:52:38-08:00,2,59
meta/main.js,95,js,17bcba7d,dhrutube,2025-11-08,22:52:38,-08:00,2025-11-08T22:52:38-08:00,0,0
meta/main.js,96,js,17bcba7d,dhrutube,2025-11-08,22:52:38,-08:00,2025-11-08T22:52:38-08:00,2,12
meta/main.js,97,js,17bcba7d,dhrutube,2025-11-08,22:52:38,-08:00,2025-11-08T22:52:38-08:00,2,15
meta/main.js,98,js,17bcba7d,dhrutube,2025-11-08,22:52:38,-08:00,2025-11-08T22:52:38-08:00,2,12
meta/main.js,99,js,17bcba7d,dhrutube,2025-11-08,22:52:38,-08:00,2025-11-08T22:52:38-08:00,2,40
meta/main.js,100,js,17bcba7d,dhrutube,2025-11-08,22:52:38,-08:00,2025-11-08T22:52:38-08:00,2,28
meta/main.js,101,js,17bcba7d,dhrutube,2025-11-08,22:52:38,-08:00,2025-11-08T22:52:38-08:00,0,0
meta/main.js,102,js,17bcba7d,dhrutube,2025-11-08,22:52:38,-08:00,2025-11-08T22:52:38-08:00,2,16
meta/main.js,103,js,17bcba7d,dhrutube,2025-11-08,22:52:38,-08:00,2025-11-08T22:52:38-08:00,2,9
meta/main.js,104,js,17bcba7d,dhrutube,2025-11-08,22:52:38,-08:00,2025-11-08T22:52:38-08:00,2,10
meta/main.js,105,js,17bcba7d,dhrutube,2025-11-08,22:52:38,-08:00,2025-11-08T22:52:38-08:00,2,44
meta/main.js,106,js,17bcba7d,dhrutube,2025-11-08,22:52:38,-08:00,2025-11-08T22:52:38-08:00,2,16
meta/main.js,107,js,17bcba7d,dhrutube,2025-11-08,22:52:38,-08:00,2025-11-08T22:52:38-08:00,2,6
meta/main.js,108,js,17bcba7d,dhrutube,2025-11-08,22:52:38,-08:00,2025-11-08T22:52:38-08:00,2,59
meta/main.js,109,js,17bcba7d,dhrutube,2025-11-08,22:52:38,-08:00,2025-11-08T22:52:38-08:00,0,0
meta/main.js,110,js,17bcba7d,dhrutube,2025-11-08,22:52:38,-08:00,2025-11-08T22:52:38-08:00,2,58
meta/main.js,111,js,17bcba7d,dhrutube,2025-11-08,22:52:38,-08:00,2025-11-08T22:52:38-08:00,0,0
meta/main.js,112,js,17bcba7d,dhrutube,2025-11-08,22:52:38,-08:00,2025-11-08T22:52:38-08:00,2,18
meta/main.js,113,js,17bcba7d,dhrutube,2025-11-08,22:52:38,-08:00,2025-11-08T22:52:38-08:00,4,14
meta/main.js,114,js,17bcba7d,dhrutube,2025-11-08,22:52:38,-08:00,2025-11-08T22:52:38-08:00,4,26
meta/main.js,115,js,17bcba7d,dhrutube,2025-11-08,22:52:38,-08:00,2025-11-08T22:52:38-08:00,4,29
meta/main.js,116,js,17bcba7d,dhrutube,2025-11-08,22:52:38,-08:00,2025-11-08T22:52:38-08:00,4,16
meta/main.js,117,js,17bcba7d,dhrutube,2025-11-08,22:52:38,-08:00,2025-11-08T22:52:38-08:00,4,40
meta/main.js,118,js,17bcba7d,dhrutube,2025-11-08,22:52:38,-08:00,2025-11-08T22:52:38-08:00,4,42
meta/main.js,119,js,17bcba7d,dhrutube,2025-11-08,22:52:38,-08:00,2025-11-08T22:52:38-08:00,2,0
meta/main.js,120,js,17bcba7d,dhrutube,2025-11-08,22:52:38,-08:00,2025-11-08T22:52:38-08:00,3,0
meta/main.js,121,js,17bcba7d,dhrutube,2025-11-08,22:52:38,-08:00,2025-11-08T22:52:38-08:00,2,30
meta/main.js,122,js,17bcba7d,dhrutube,2025-11-08,22:52:38,-08:00,2025-11-08T22:52:38-08:00,2,48
meta/main.js,123,js,17bcba7d,dhrutube,2025-11-08,22:52:38,-08:00,2025-11-08T22:52:38-08:00,2,48
meta/main.js,124,js,17bcba7d,dhrutube,2025-11-08,22:52:38,-08:00,2025-11-08T22:52:38-08:00,0,0
meta/main.js,125,js,17bcba7d,dhrutube,2025-11-08,22:52:38,-08:00,2025-11-08T22:52:38-08:00,2,19
meta/main.js,126,js,17bcba7d,dhrutube,2025-11-08,22:52:38,-08:00,2025-11-08T22:52:38-08:00,2,10
meta/main.js,127,js,17bcba7d,dhrutube,2025-11-08,22:52:38,-08:00,2025-11-08T22:52:38-08:00,2,25
meta/main.js,128,js,17bcba7d,dhrutube,2025-11-08,22:52:38,-08:00,2025-11-08T22:52:38-08:00,2,53
meta/main.js,129,js,17bcba7d,dhrutube,2025-11-08,22:52:38,-08:00,2025-11-08T22:52:38-08:00,0,0
meta/main.js,130,js,17bcba7d,dhrutube,2025-11-08,22:52:38,-08:00,2025-11-08T22:52:38-08:00,2,76
meta/main.js,131,js,17bcba7d,dhrutube,2025-11-08,22:52:38,-08:00,2025-11-08T22:52:38-08:00,0,0
meta/main.js,132,js,17bcba7d,dhrutube,2025-11-08,22:52:38,-08:00,2025-11-08T22:52:38-08:00,2,25
meta/main.js,133,js,17bcba7d,dhrutube,2025-11-08,22:52:38,-08:00,2025-11-08T22:52:38-08:00,3,22
meta/main.js,134,js,17bcba7d,dhrutube,2025-11-08,22:52:38,-08:00,2025-11-08T22:52:38-08:00,3,24
meta/main.js,135,js,17bcba7d,dhrutube,2025-11-08,22:52:38,-08:00,2025-11-08T22:52:38-08:00,3,19
meta/main.js,136,js,17bcba7d,dhrutube,2025-11-08,22:52:38,-08:00,2025-11-08T22:52:38-08:00,3,31
meta/main.js,137,js,17bcba7d,dhrutube,2025-11-08,22:52:38,-08:00,2025-11-08T22:52:38-08:00,0,0
meta/main.js,138,js,17bcba7d,dhrutube,2025-11-08,22:52:38,-08:00,2025-11-08T22:52:38-08:00,2,16
meta/main.js,139,js,17bcba7d,dhrutube,2025-11-08,22:52:38,-08:00,2025-11-08T22:52:38-08:00,2,34
meta/main.js,140,js,17bcba7d,dhrutube,2025-11-08,22:52:38,-08:00,2025-11-08T22:52:38-08:00,2,14
meta/main.js,141,js,17bcba7d,dhrutube,2025-11-08,22:52:38,-08:00,2025-11-08T22:52:38-08:00,2,15
meta/main.js,142,js,17bcba7d,dhrutube,2025-11-08,22:52:38,-08:00,2025-11-08T22:52:38-08:00,2,58
meta/main.js,143,js,17bcba7d,dhrutube,2025-11-08,22:52:38,-08:00,2025-11-08T22:52:38-08:00,0,0
meta/main.js,144,js,17bcba7d,dhrutube,2025-11-08,22:52:38,-08:00,2025-11-08T22:52:38-08:00,2,11
meta/main.js,145,js,17bcba7d,dhrutube,2025-11-08,22:52:38,-08:00,2025-11-08T22:52:38-08:00,2,1
meta/main.js,146,js,17bcba7d,dhrutube,2025-11-08,22:52:38,-08:00,2025-11-08T22:52:38-08:00,2,10
meta/main.js,147,js,17bcba7d,dhrutube,2025-11-08,22:52:38,-08:00,2025-11-08T22:52:38-08:00,2,54
meta/main.js,148,js,17bcba7d,dhrutube,2025-11-08,22:52:38,-08:00,2025-11-08T22:52:38-08:00,2,10
meta/main.js,149,js,17bcba7d,dhrutube,2025-11-08,22:52:38,-08:00,2025-11-08T22:52:38-08:00,2,31
meta/main.js,150,js,17bcba7d,dhrutube,2025-11-08,22:52:38,-08:00,2025-11-08T22:52:38-08:00,0,0
meta/main.js,151,js,17bcba7d,dhrutube,2025-11-08,22:52:38,-08:00,2025-11-08T22:52:38-08:00,2,11
meta/main.js,152,js,17bcba7d,dhrutube,2025-11-08,22:52:38,-08:00,2025-11-08T22:52:38-08:00,2,1
meta/main.js,153,js,17bcba7d,dhrutube,2025-11-08,22:52:38,-08:00,2025-11-08T22:52:38-08:00,2,10
meta/main.js,154,js,17bcba7d,dhrutube,2025-11-08,22:52:38,-08:00,2025-11-08T22:52:38-08:00,2,52
meta/main.js,155,js,17bcba7d,dhrutube,2025-11-08,22:52:38,-08:00,2025-11-08T22:52:38-08:00,2,10
meta/main.js,156,js,17bcba7d,dhrutube,2025-11-08,22:52:38,-08:00,2025-11-08T22:52:38-08:00,2,31
meta/main.js,157,js,17bcba7d,dhrutube,2025-11-08,22:52:38,-08:00,2025-11-08T22:52:38-08:00,2,0
meta/main.js,158,js,17bcba7d,dhrutube,2025-11-08,22:52:38,-08:00,2025-11-08T22:52:38-08:00,0,0
meta/main.js,159,js,17bcba7d,dhrutube,2025-11-08,22:52:38,-08:00,2025-11-08T22:52:38-08:00,2,67
meta/main.js,160,js,17bcba7d,dhrutube,2025-11-08,22:52:38,-08:00,2025-11-08T22:52:38-08:00,2,72
meta/main.js,161,js,17bcba7d,dhrutube,2025-11-08,22:52:38,-08:00,2025-11-08T22:52:38-08:00,2,0
meta/main.js,162,js,17bcba7d,dhrutube,2025-11-08,22:52:38,-08:00,2025-11-08T22:52:38-08:00,2,49
meta/main.js,163,js,17bcba7d,dhrutube,2025-11-08,22:52:38,-08:00,2025-11-08T22:52:38-08:00,2,2
meta/main.js,164,js,17bcba7d,dhrutube,2025-11-08,22:52:38,-08:00,2025-11-08T22:52:38-08:00,2,18
meta/main.js,165,js,17bcba7d,dhrutube,2025-11-08,22:52:38,-08:00,2025-11-08T22:52:38-08:00,2,18
meta/main.js,166,js,17bcba7d,dhrutube,2025-11-08,22:52:38,-08:00,2025-11-08T22:52:38-08:00,2,13
meta/main.js,167,js,17bcba7d,dhrutube,2025-11-08,22:52:38,-08:00,2025-11-08T22:52:38-08:00,2,36
meta/main.js,168,js,17bcba7d,dhrutube,2025-11-08,22:52:38,-08:00,2025-11-08T22:52:38-08:00,2,36
meta/main.js,169,js,17bcba7d,dhrutube,2025-11-08,22:52:38,-08:00,2025-11-08T22:52:38-08:00,2,11
meta/main.js,170,js,17bcba7d,dhrutube,2025-11-08,22:52:38,-08:00,2025-11-08T22:52:38-08:00,2,24
meta/main.js,171,js,17bcba7d,dhrutube,2025-11-08,22:52:38,-08:00,2025-11-08T22:52:38-08:00,2,37
meta/main.js,172,js,17bcba7d,dhrutube,2025-11-08,22:52:38,-08:00,2025-11-08T22:52:38-08:00,2,66
meta/main.js,173,js,17bcba7d,dhrutube,2025-11-08,22:52:38,-08:00,2025-11-08T22:52:38-08:00,2,36
meta/main.js,174,js,17bcba7d,dhrutube,2025-11-08,22:52:38,-08:00,2025-11-08T22:52:38-08:00,4,79
meta/main.js,175,js,17bcba7d,dhrutube,2025-11-08,22:52:38,-08:00,2025-11-08T22:52:38-08:00,4,27
meta/main.js,176,js,17bcba7d,dhrutube,2025-11-08,22:52:38,-08:00,2025-11-08T22:52:38-08:00,4,64
meta/main.js,177,js,17bcba7d,dhrutube,2025-11-08,22:52:38,-08:00,2025-11-08T22:52:38-08:00,4,28
meta/main.js,178,js,17bcba7d,dhrutube,2025-11-08,22:52:38,-08:00,2025-11-08T22:52:38-08:00,4,27
meta/main.js,179,js,17bcba7d,dhrutube,2025-11-08,22:52:38,-08:00,2025-11-08T22:52:38-08:00,4,23
meta/main.js,180,js,17bcba7d,dhrutube,2025-11-08,22:52:38,-08:00,2025-11-08T22:52:38-08:00,4,43
meta/main.js,181,js,17bcba7d,dhrutube,2025-11-08,22:52:38,-08:00,2025-11-08T22:52:38-08:00,2,0
meta/main.js,182,js,17bcba7d,dhrutube,2025-11-08,22:52:38,-08:00,2025-11-08T22:52:38-08:00,2,28
meta/main.js,183,js,17bcba7d,dhrutube,2025-11-08,22:52:38,-08:00,2025-11-08T22:52:38-08:00,4,56
meta/main.js,184,js,17bcba7d,dhrutube,2025-11-08,22:52:38,-08:00,2025-11-08T22:52:38-08:00,4,63
meta/main.js,185,js,17bcba7d,dhrutube,2025-11-08,22:52:38,-08:00,2025-11-08T22:52:38-08:00,4,29
meta/main.js,186,js,17bcba7d,dhrutube,2025-11-08,22:52:38,-08:00,2025-11-08T22:52:38-08:00,2,1
meta/main.js,187,js,17bcba7d,dhrutube,2025-11-08,22:52:38,-08:00,2025-11-08T22:52:38-08:00,2,0
meta/main.js,188,js,17bcba7d,dhrutube,2025-11-08,22:52:38,-08:00,2025-11-08T22:52:38-08:00,0,0
meta/main.js,189,js,17bcba7d,dhrutube,2025-11-08,22:52:38,-08:00,2025-11-08T22:52:38-08:00,0,0
meta/main.js,190,js,17bcba7d,dhrutube,2025-11-08,22:52:38,-08:00,2025-11-08T22:52:38-08:00,0,37
meta/main.js,191,js,17bcba7d,dhrutube,2025-11-08,22:52:38,-08:00,2025-11-08T22:52:38-08:00,2,50
meta/main.js,192,js,17bcba7d,dhrutube,2025-11-08,22:52:38,-08:00,2025-11-08T22:52:38-08:00,2,50
meta/main.js,193,js,17bcba7d,dhrutube,2025-11-08,22:52:38,-08:00,2025-11-08T22:52:38-08:00,2,50
meta/main.js,194,js,17bcba7d,dhrutube,2025-11-08,22:52:38,-08:00,2025-11-08T22:52:38-08:00,2,54
meta/main.js,195,js,17bcba7d,dhrutube,2025-11-08,22:52:38,-08:00,2025-11-08T22:52:38-08:00,2,52
meta/main.js,196,js,17bcba7d,dhrutube,2025-11-08,22:52:38,-08:00,2025-11-08T22:52:38-08:00,1,0
meta/main.js,197,js,17bcba7d,dhrutube,2025-11-08,22:52:38,-08:00,2025-11-08T22:52:38-08:00,2,43
meta/main.js,198,js,17bcba7d,dhrutube,2025-11-08,22:52:38,-08:00,2025-11-08T22:52:38-08:00,1,0
meta/main.js,199,js,17bcba7d,dhrutube,2025-11-08,22:52:38,-08:00,2025-11-08T22:52:38-08:00,2,21
meta/main.js,200,js,17bcba7d,dhrutube,2025-11-08,22:52:38,-08:00,2025-11-08T22:52:38-08:00,2,27
meta/main.js,201,js,17bcba7d,dhrutube,2025-11-08,22:52:38,-08:00,2025-11-08T22:52:38-08:00,2,56
meta/main.js,202,js,17bcba7d,dhrutube,2025-11-08,22:52:38,-08:00,2025-11-08T22:52:38-08:00,3,16
meta/main.js,203,js,17bcba7d,dhrutube,2025-11-08,22:52:38,-08:00,2025-11-08T22:52:38-08:00,2,1
meta/main.js,204,js,17bcba7d,dhrutube,2025-11-08,22:52:38,-08:00,2025-11-08T22:52:38-08:00,2,29
meta/main.js,205,js,17bcba7d,dhrutube,2025-11-08,22:52:38,-08:00,2025-11-08T22:52:38-08:00,2,33
meta/main.js,206,js,17bcba7d,dhrutube,2025-11-08,22:52:38,-08:00,2025-11-08T22:52:38-08:00,2,36
meta/main.js,207,js,17bcba7d,dhrutube,2025-11-08,22:52:38,-08:00,2025-11-08T22:52:38-08:00,0,0
meta/main.js,208,js,17bcba7d,dhrutube,2025-11-08,22:52:38,-08:00,2025-11-08T22:52:38-08:00,0,0
meta/main.js,209,js,17bcba7d,dhrutube,2025-11-08,22:52:38,-08:00,2025-11-08T22:52:38-08:00,0,0
meta/main.js,210,js,17bcba7d,dhrutube,2025-11-08,22:52:38,-08:00,2025-11-08T22:52:38-08:00,0,43
meta/main.js,211,js,17bcba7d,dhrutube,2025-11-08,22:52:38,-08:00,2025-11-08T22:52:38-08:00,2,56
meta/main.js,212,js,17bcba7d,dhrutube,2025-11-08,22:52:38,-08:00,2025-11-08T22:52:38-08:00,2,26
meta/main.js,213,js,17bcba7d,dhrutube,2025-11-08,22:52:38,-08:00,2025-11-08T22:52:38-08:00,0,0
meta/main.js,214,js,17bcba7d,dhrutube,2025-11-08,22:52:38,-08:00,2025-11-08T22:52:38-08:00,0,0
meta/main.js,215,js,17bcba7d,dhrutube,2025-11-08,22:52:38,-08:00,2025-11-08T22:52:38-08:00,0,37
meta/main.js,216,js,17bcba7d,dhrutube,2025-11-08,22:52:38,-08:00,2025-11-08T22:52:38-08:00,2,56
meta/main.js,217,js,17bcba7d,dhrutube,2025-11-08,22:52:38,-08:00,2025-11-08T22:52:38-08:00,2,40
meta/main.js,218,js,17bcba7d,dhrutube,2025-11-08,22:52:38,-08:00,2025-11-08T22:52:38-08:00,2,39
meta/main.js,219,js,17bcba7d,dhrutube,2025-11-08,22:52:38,-08:00,2025-11-08T22:52:38-08:00,0,0
meta/main.js,220,js,17bcba7d,dhrutube,2025-11-08,22:52:38,-08:00,2025-11-08T22:52:38-08:00,0,0
meta/main.js,221,js,17bcba7d,dhrutube,2025-11-08,22:52:38,-08:00,2025-11-08T22:52:38-08:00,0,33
meta/main.js,222,js,17bcba7d,dhrutube,2025-11-08,22:52:38,-08:00,2025-11-08T22:52:38-08:00,2,50
meta/main.js,223,js,17bcba7d,dhrutube,2025-11-08,22:52:38,-08:00,2025-11-08T22:52:38-08:00,0,0
meta/main.js,224,js,17bcba7d,dhrutube,2025-11-08,22:52:38,-08:00,2025-11-08T22:52:38-08:00,0,0
meta/main.js,225,js,17bcba7d,dhrutube,2025-11-08,22:52:38,-08:00,2025-11-08T22:52:38-08:00,0,23
meta/main.js,226,js,17bcba7d,dhrutube,2025-11-08,22:52:38,-08:00,2025-11-08T22:52:38-08:00,2,32
meta/main.js,227,js,17bcba7d,dhrutube,2025-11-08,22:52:38,-08:00,2025-11-08T22:52:38-08:00,2,47
meta/main.js,228,js,17bcba7d,dhrutube,2025-11-08,22:52:38,-08:00,2025-11-08T22:52:38-08:00,3,29
meta/main.js,229,js,17bcba7d,dhrutube,2025-11-08,22:52:38,-08:00,2025-11-08T22:52:38-08:00,2,0
meta/main.js,230,js,17bcba7d,dhrutube,2025-11-08,22:52:38,-08:00,2025-11-08T22:52:38-08:00,2,30
meta/main.js,231,js,17bcba7d,dhrutube,2025-11-08,22:52:38,-08:00,2025-11-08T22:52:38-08:00,2,33
meta/main.js,232,js,17bcba7d,dhrutube,2025-11-08,22:52:38,-08:00,2025-11-08T22:52:38-08:00,0,0
meta/main.js,233,js,17bcba7d,dhrutube,2025-11-08,22:52:38,-08:00,2025-11-08T22:52:38-08:00,1,0
meta/main.js,234,js,17bcba7d,dhrutube,2025-11-08,22:52:38,-08:00,2025-11-08T22:52:38-08:00,0,44
meta/main.js,235,js,17bcba7d,dhrutube,2025-11-08,22:52:38,-08:00,2025-11-08T22:52:38-08:00,2,15
meta/main.js,236,js,17bcba7d,dhrutube,2025-11-08,22:52:38,-08:00,2025-11-08T22:52:38-08:00,3,11
meta/main.js,237,js,17bcba7d,dhrutube,2025-11-08,22:52:38,-08:00,2025-11-08T22:52:38-08:00,2,0
meta/main.js,238,js,17bcba7d,dhrutube,2025-11-08,22:52:38,-08:00,2025-11-08T22:52:38-08:00,2,42
meta/main.js,239,js,17bcba7d,dhrutube,2025-11-08,22:52:38,-08:00,2025-11-08T22:52:38-08:00,2,42
meta/main.js,240,js,17bcba7d,dhrutube,2025-11-08,22:52:38,-08:00,2025-11-08T22:52:38-08:00,2,32
meta/main.js,241,js,17bcba7d,dhrutube,2025-11-08,22:52:38,-08:00,2025-11-08T22:52:38-08:00,2,32
meta/main.js,242,js,17bcba7d,dhrutube,2025-11-08,22:52:38,-08:00,2025-11-08T22:52:38-08:00,1,0
meta/main.js,243,js,17bcba7d,dhrutube,2025-11-08,22:52:38,-08:00,2025-11-08T22:52:38-08:00,2,46
meta/main.js,244,js,17bcba7d,dhrutube,2025-11-08,22:52:38,-08:00,2025-11-08T22:52:38-08:00,0,0
meta/main.js,245,js,17bcba7d,dhrutube,2025-11-08,22:52:38,-08:00,2025-11-08T22:52:38-08:00,0,0
meta/main.js,246,js,17bcba7d,dhrutube,2025-11-08,22:52:38,-08:00,2025-11-08T22:52:38-08:00,0,40
meta/main.js,247,js,17bcba7d,dhrutube,2025-11-08,22:52:38,-08:00,2025-11-08T22:52:38-08:00,2,31
meta/main.js,248,js,17bcba7d,dhrutube,2025-11-08,22:52:38,-08:00,2025-11-08T22:52:38-08:00,3,53
meta/main.js,249,js,17bcba7d,dhrutube,2025-11-08,22:52:38,-08:00,2025-11-08T22:52:38-08:00,3,3
meta/main.js,250,js,17bcba7d,dhrutube,2025-11-08,22:52:38,-08:00,2025-11-08T22:52:38-08:00,1,0
meta/main.js,251,js,17bcba7d,dhrutube,2025-11-08,22:52:38,-08:00,2025-11-08T22:52:38-08:00,2,62
meta/main.js,252,js,17bcba7d,dhrutube,2025-11-08,22:52:38,-08:00,2025-11-08T22:52:38-08:00,2,28
meta/main.js,253,js,17bcba7d,dhrutube,2025-11-08,22:52:38,-08:00,2025-11-08T22:52:38-08:00,3,28
meta/main.js,254,js,17bcba7d,dhrutube,2025-11-08,22:52:38,-08:00,2025-11-08T22:52:38-08:00,2,18
meta/main.js,255,js,17bcba7d,dhrutube,2025-11-08,22:52:38,-08:00,2025-11-08T22:52:38-08:00,1,0
meta/main.js,256,js,17bcba7d,dhrutube,2025-11-08,22:52:38,-08:00,2025-11-08T22:52:38-08:00,2,21
meta/main.js,257,js,17bcba7d,dhrutube,2025-11-08,22:52:38,-08:00,2025-11-08T22:52:38-08:00,0,0
meta/main.js,258,js,17bcba7d,dhrutube,2025-11-08,22:52:38,-08:00,2025-11-08T22:52:38-08:00,0,0
meta/main.js,259,js,17bcba7d,dhrutube,2025-11-08,22:52:38,-08:00,2025-11-08T22:52:38-08:00,0,43
meta/main.js,260,js,17bcba7d,dhrutube,2025-11-08,22:52:38,-08:00,2025-11-08T22:52:38-08:00,2,31
meta/main.js,261,js,17bcba7d,dhrutube,2025-11-08,22:52:38,-08:00,2025-11-08T22:52:38-08:00,3,53
meta/main.js,262,js,17bcba7d,dhrutube,2025-11-08,22:52:38,-08:00,2025-11-08T22:52:38-08:00,3,3
meta/main.js,263,js,17bcba7d,dhrutube,2025-11-08,22:52:38,-08:00,2025-11-08T22:52:38-08:00,2,62
meta/main.js,264,js,17bcba7d,dhrutube,2025-11-08,22:52:38,-08:00,2025-11-08T22:52:38-08:00,1,0
meta/main.js,265,js,17bcba7d,dhrutube,2025-11-08,22:52:38,-08:00,2025-11-08T22:52:38-08:00,2,33
meta/main.js,266,js,17bcba7d,dhrutube,2025-11-08,22:52:38,-08:00,2025-11-08T22:52:38-08:00,3,23
meta/main.js,267,js,17bcba7d,dhrutube,2025-11-08,22:52:38,-08:00,2025-11-08T22:52:38-08:00,3,5
meta/main.js,268,js,17bcba7d,dhrutube,2025-11-08,22:52:38,-08:00,2025-11-08T22:52:38-08:00,2,0
meta/main.js,269,js,17bcba7d,dhrutube,2025-11-08,22:52:38,-08:00,2025-11-08T22:52:38-08:00,2,73
meta/main.js,270,js,17bcba7d,dhrutube,2025-11-08,22:52:38,-08:00,2025-11-08T22:52:38-08:00,2,52
meta/main.js,271,js,17bcba7d,dhrutube,2025-11-08,22:52:38,-08:00,2025-11-08T22:52:38-08:00,1,0
meta/main.js,272,js,17bcba7d,dhrutube,2025-11-08,22:52:38,-08:00,2025-11-08T22:52:38-08:00,2,42
meta/main.js,273,js,17bcba7d,dhrutube,2025-11-08,22:52:38,-08:00,2025-11-08T22:52:38-08:00,2,26
meta/main.js,274,js,17bcba7d,dhrutube,2025-11-08,22:52:38,-08:00,2025-11-08T22:52:38-08:00,3,4
meta/main.js,275,js,17bcba7d,dhrutube,2025-11-08,22:52:38,-08:00,2025-11-08T22:52:38-08:00,3,14
meta/main.js,276,js,17bcba7d,dhrutube,2025-11-08,22:52:38,-08:00,2025-11-08T22:52:38-08:00,3,12
meta/main.js,277,js,17bcba7d,dhrutube,2025-11-08,22:52:38,-08:00,2025-11-08T22:52:38-08:00,2,0
meta/main.js,278,js,17bcba7d,dhrutube,2025-11-08,22:52:38,-08:00,2025-11-08T22:52:38-08:00,1,0
meta/main.js,279,js,17bcba7d,dhrutube,2025-11-08,22:52:38,-08:00,2025-11-08T22:52:38-08:00,2,26
meta/main.js,280,js,17bcba7d,dhrutube,2025-11-08,22:52:38,-08:00,2025-11-08T22:52:38-08:00,2,23
meta/main.js,281,js,17bcba7d,dhrutube,2025-11-08,22:52:38,-08:00,2025-11-08T22:52:38-08:00,1,0
meta/main.js,282,js,17bcba7d,dhrutube,2025-11-08,22:52:38,-08:00,2025-11-08T22:52:38-08:00,2,42
meta/main.js,283,js,17bcba7d,dhrutube,2025-11-08,22:52:38,-08:00,2025-11-08T22:52:38-08:00,3,38
meta/main.js,284,js,17bcba7d,dhrutube,2025-11-08,22:52:38,-08:00,2025-11-08T22:52:38-08:00,3,46
meta/main.js,285,js,17bcba7d,dhrutube,2025-11-08,22:52:38,-08:00,2025-11-08T22:52:38-08:00,1,0
meta/main.js,286,js,17bcba7d,dhrutube,2025-11-08,22:52:38,-08:00,2025-11-08T22:52:38-08:00,3,22
meta/main.js,287,js,17bcba7d,dhrutube,2025-11-08,22:52:38,-08:00,2025-11-08T22:52:38-08:00,7,18
meta/main.js,288,js,17bcba7d,dhrutube,2025-11-08,22:52:38,-08:00,2025-11-08T22:52:38-08:00,7,36
meta/main.js,289,js,17bcba7d,dhrutube,2025-11-08,22:52:38,-08:00,2025-11-08T22:52:38-08:00,5,0
meta/main.js,290,js,17bcba7d,dhrutube,2025-11-08,22:52:38,-08:00,2025-11-08T22:52:38-08:00,2,0
meta/main.js,291,js,17bcba7d,dhrutube,2025-11-08,22:52:38,-08:00,2025-11-08T22:52:38-08:00,0,0
meta/main.js,292,js,17bcba7d,dhrutube,2025-11-08,22:52:38,-08:00,2025-11-08T22:52:38-08:00,0,0
meta/main.js,293,js,17bcba7d,dhrutube,2025-11-08,22:52:38,-08:00,2025-11-08T22:52:38-08:00,0,26
meta/main.js,294,js,17bcba7d,dhrutube,2025-11-08,22:52:38,-08:00,2025-11-08T22:52:38-08:00,0,33
meta/main.js,295,js,17bcba7d,dhrutube,2025-11-08,22:52:38,-08:00,2025-11-08T22:52:38-08:00,0,0
meta/main.js,296,js,17bcba7d,dhrutube,2025-11-08,22:52:38,-08:00,2025-11-08T22:52:38-08:00,0,30
meta/main.js,297,js,17bcba7d,dhrutube,2025-11-08,22:52:38,-08:00,2025-11-08T22:52:38-08:00,0,31
meta/main.js,298,js,17bcba7d,dhrutube,2025-11-08,22:52:38,-08:00,2025-11-08T22:52:38-08:00,1,0
meta/index.html,1,html,17bcba7d,dhrutube,2025-11-08,22:52:38,-08:00,2025-11-08T22:52:38-08:00,0,13
meta/index.html,2,html,17bcba7d,dhrutube,2025-11-08,22:52:38,-08:00,2025-11-08T22:52:38-08:00,0,14
meta/index.html,3,html,17bcba7d,dhrutube,2025-11-08,22:52:38,-08:00,2025-11-08T22:52:38-08:00,0,4
meta/index.html,4,html,17bcba7d,dhrutube,2025-11-08,22:52:38,-08:00,2025-11-08T22:52:38-08:00,2,20
meta/index.html,5,html,17bcba7d,dhrutube,2025-11-08,22:52:38,-08:00,2025-11-08T22:52:38-08:00,2,68
meta/index.html,6,html,17bcba7d,dhrutube,2025-11-08,22:52:38,-08:00,2025-11-08T22:52:38-08:00,2,42
meta/index.html,7,html,17bcba7d,dhrutube,2025-11-08,22:52:38,-08:00,2025-11-08T22:52:38-08:00,2,21
meta/index.html,8,html,17bcba7d,dhrutube,2025-11-08,22:52:38,-08:00,2025-11-08T22:52:38-08:00,0,5
meta/index.html,9,html,17bcba7d,dhrutube,2025-11-08,22:52:38,-08:00,2025-11-08T22:52:38-08:00,0,4
meta/index.html,10,html,17bcba7d,dhrutube,2025-11-08,22:52:38,-08:00,2025-11-08T22:52:38-08:00,2,43
meta/index.html,11,html,17bcba7d,dhrutube,2025-11-08,22:52:38,-08:00,2025-11-08T22:52:38-08:00,2,20
meta/index.html,12,html,17bcba7d,dhrutube,2025-11-08,22:52:38,-08:00,2025-11-08T22:52:38-08:00,0,0
meta/index.html,13,html,17bcba7d,dhrutube,2025-11-08,22:52:38,-08:00,2025-11-08T22:52:38-08:00,2,29
meta/index.html,14,html,17bcba7d,dhrutube,2025-11-08,22:52:38,-08:00,2025-11-08T22:52:38-08:00,2,20
meta/index.html,15,html,17bcba7d,dhrutube,2025-11-08,22:52:38,-08:00,2025-11-08T22:52:38-08:00,0,0
meta/index.html,16,html,17bcba7d,dhrutube,2025-11-08,22:52:38,-08:00,2025-11-08T22:52:38-08:00,2,50
meta/index.html,17,html,17bcba7d,dhrutube,2025-11-08,22:52:38,-08:00,2025-11-08T22:52:38-08:00,4,13
meta/index.html,18,html,17bcba7d,dhrutube,2025-11-08,22:52:38,-08:00,2025-11-08T22:52:38-08:00,4,2
meta/index.html,19,html,17bcba7d,dhrutube,2025-11-08,22:52:38,-08:00,2025-11-08T22:52:38-08:00,6,46
meta/index.html,20,html,17bcba7d,dhrutube,2025-11-08,22:52:38,-08:00,2025-11-08T22:52:38-08:00,4,3
meta/index.html,21,html,17bcba7d,dhrutube,2025-11-08,22:52:38,-08:00,2025-11-08T22:52:38-08:00,4,0
meta/index.html,22,html,17bcba7d,dhrutube,2025-11-08,22:52:38,-08:00,2025-11-08T22:52:38-08:00,4,11
meta/index.html,23,html,17bcba7d,dhrutube,2025-11-08,22:52:38,-08:00,2025-11-08T22:52:38-08:00,4,24
meta/index.html,24,html,17bcba7d,dhrutube,2025-11-08,22:52:38,-08:00,2025-11-08T22:52:38-08:00,4,0
meta/index.html,25,html,17bcba7d,dhrutube,2025-11-08,22:52:38,-08:00,2025-11-08T22:52:38-08:00,4,11
meta/index.html,26,html,17bcba7d,dhrutube,2025-11-08,22:52:38,-08:00,2025-11-08T22:52:38-08:00,4,24
meta/index.html,27,html,17bcba7d,dhrutube,2025-11-08,22:52:38,-08:00,2025-11-08T22:52:38-08:00,0,0
meta/index.html,28,html,17bcba7d,dhrutube,2025-11-08,22:52:38,-08:00,2025-11-08T22:52:38-08:00,4,13
meta/index.html,29,html,17bcba7d,dhrutube,2025-11-08,22:52:38,-08:00,2025-11-08T22:52:38-08:00,4,26
meta/index.html,30,html,17bcba7d,dhrutube,2025-11-08,22:52:38,-08:00,2025-11-08T22:52:38-08:00,0,0
meta/index.html,31,html,17bcba7d,dhrutube,2025-11-08,22:52:38,-08:00,2025-11-08T22:52:38-08:00,4,19
meta/index.html,32,html,17bcba7d,dhrutube,2025-11-08,22:52:38,-08:00,2025-11-08T22:52:38-08:00,4,25
meta/index.html,33,html,17bcba7d,dhrutube,2025-11-08,22:52:38,-08:00,2025-11-08T22:52:38-08:00,2,3
meta/index.html,34,html,17bcba7d,dhrutube,2025-11-08,22:52:38,-08:00,2025-11-08T22:52:38-08:00,0,0
meta/index.html,35,html,17bcba7d,dhrutube,2025-11-08,22:52:38,-08:00,2025-11-08T22:52:38-08:00,2,45
meta/index.html,36,html,17bcba7d,dhrutube,2025-11-08,22:52:38,-08:00,2025-11-08T22:52:38-08:00,2,45
meta/index.html,37,html,17bcba7d,dhrutube,2025-11-08,22:52:38,-08:00,2025-11-08T22:52:38-08:00,0,5
meta/index.html,38,html,17bcba7d,dhrutube,2025-11-08,22:52:38,-08:00,2025-11-08T22:52:38-08:00,0,5
contact/index.html,1,html,8b5c2d51,Dhruv Sehgal,2025-10-03,20:05:08,-07:00,2025-10-03T20:05:08-07:00,0,13
contact/index.html,2,html,8b5c2d51,Dhruv Sehgal,2025-10-03,20:05:08,-07:00,2025-10-03T20:05:08-07:00,0,14
contact/index.html,3,html,8b5c2d51,Dhruv Sehgal,2025-10-03,20:05:08,-07:00,2025-10-03T20:05:08-07:00,0,4
contact/index.html,4,html,8b5c2d51,Dhruv Sehgal,2025-10-03,20:05:08,-07:00,2025-10-03T20:05:08-07:00,2,20
contact/index.html,5,html,8b5c2d51,Dhruv Sehgal,2025-10-03,20:05:08,-07:00,2025-10-03T20:05:08-07:00,2,68
contact/index.html,6,html,8b5c2d51,Dhruv Sehgal,2025-10-03,20:05:08,-07:00,2025-10-03T20:05:08-07:00,2,42
contact/index.html,7,html,8b5c2d51,Dhruv Sehgal,2025-10-03,20:05:08,-07:00,2025-10-03T20:05:08-07:00,2,20
contact/index.html,8,html,8b5c2d51,Dhruv Sehgal,2025-10-03,20:05:08,-07:00,2025-10-03T20:05:08-07:00,0,5
contact/index.html,9,html,50f78425,Dhruv Sehgal,2025-10-10,23:54:11,-07:00,2025-10-10T23:54:11-07:00,0,49
contact/index.html,10,html,4acc3e9d,Dhruv Sehgal,2025-10-17,20:55:02,-07:00,2025-10-17T20:55:02-07:00,2,48
contact/index.html,11,html,8b5c2d51,Dhruv Sehgal,2025-10-03,20:05:08,-07:00,2025-10-03T20:05:08-07:00,2,14
contact/index.html,12,html,4acc3e9d,Dhruv Sehgal,2025-10-17,20:55:02,-07:00,2025-10-17T20:55:02-07:00,2,46
contact/index.html,13,html,5061443a,Dhruv Sehgal,2025-10-03,20:38:53,-07:00,2025-10-03T20:38:53-07:00,4,12
contact/index.html,14,html,5061443a,Dhruv Sehgal,2025-10-03,20:38:53,-07:00,2025-10-03T20:38:53-07:00,6,42
contact/index.html,15,html,5061443a,Dhruv Sehgal,2025-10-03,20:38:53,-07:00,2025-10-03T20:38:53-07:00,4,6
contact/index.html,16,html,5061443a,Dhruv Sehgal,2025-10-03,20:38:53,-07:00,2025-10-03T20:38:53-07:00,4,9
contact/index.html,17,html,5061443a,Dhruv Sehgal,2025-10-03,20:38:53,-07:00,2025-10-03T20:38:53-07:00,6,50
contact/index.html,18,html,5061443a,Dhruv Sehgal,2025-10-03,20:38:53,-07:00,2025-10-03T20:38:53-07:00,4,6
contact/index.html,19,html,8b5c2d51,Dhruv Sehgal,2025-10-03,20:05:08,-07:00,2025-10-03T20:05:08-07:00,4,21
contact/index.html,20,html,8b5c2d51,Dhruv Sehgal,2025-10-03,20:05:08,-07:00,2025-10-03T20:05:08-07:00,2,5
contact/index.html,21,html,8b5c2d51,Dhruv Sehgal,2025-10-03,20:05:08,-07:00,2025-10-03T20:05:08-07:00,0,5
contact/index.html,22,html,8b5c2d51,Dhruv Sehgal,2025-10-03,20:05:08,-07:00,2025-10-03T20:05:08-07:00,0,5
